/*
  GBA_Midi_RP2040_Woz.ino

  Goal: Stable RP2040-first multiboot uploader for a GBA MIDI ROM,
  then USB/DIN MIDI forwarding after the GBA runtime is loaded.

  Attribution:
  - Based on and adapted from the SpritesMods GBA MIDI project by
    Jeroen Domburg / Sprite_tm.
  - Original article: https://spritesmods.com/?art=gbamidi

  License:
  - This adaptation is released under Creative Commons Attribution 2.0
    Generic (CC-BY-2.0). See LICENSE.md.

  Key design choices:
  - Direct GPIO register operations for deterministic edge timing.
  - Cycle-based waits (busy_wait_at_least_cycles) instead of microsecond timers.
  - Same tx/rx bit ordering and handshake flow as original gbaserial.c.
  - Embedded stage1 loader and stage2 gbamidi.gba payload in flash.
  - Stage1 follows tangrs/usb-gba-multiboot's second-stage loader protocol:
    BIOS multiboot first, then SIO normal-mode 32-bit stage2 transfer.
  - USB MIDI and DIN MIDI stay idle until the ROM upload reports success.

 *   RP2040 / Arduino-Pico settings:                                       *
 *     - IMPORTANT set CPU Speed: "240 MHz (Overclock)"                   *
 *     - Built-in USB works as the USB MIDI device.                        *

  Profile A: GBC / GBAMIDI2 two-stage
  - SC -> GPIO2
  - SI -> GPIO3
  - SO -> GPIO4
  - stage1 BIOS SD path also uses GPIO4
  - GPIO5 is USB VBUS sense only; do not connect it to the link cable.

  - G -> Ground

 3 4
NC G
 G 2
	<--socket, port left (pins toward you)

*/

#include <Arduino.h>
#include <Adafruit_TinyUSB.h>
#include <hardware/gpio.h>
#include <hardware/resets.h>
#include <hardware/structs/sio.h>
#include <hardware/watchdog.h>
#include <pico/platform.h>
#include <pico/time.h>

// ---------------- RP2040 pin map (change if needed) ----------------
// GBA signal names are from the GBA side.
constexpr uint8_t PIN_GBA_SC_FIXED = 2;       // GBA SC
constexpr uint8_t PIN_GBA_SI_FIXED = 3;       // GBA SI
constexpr uint8_t PIN_GBA_SO_FIXED = 4;       // GBA SO
constexpr uint8_t PIN_GBA_SD_ALT_STAGE1 = 4;  // Working BIOS multiboot SD path.

constexpr uint8_t PIN_STATUS_LED = 25;  // RP2040 Pico-style onboard LED GPIO
constexpr uint8_t PIN_USB_VBUS_SENSE = 5;  // USB VBUS divider midpoint, 2.5V when plugged in.
static_assert(PIN_USB_VBUS_SENSE != PIN_GBA_SC_FIXED &&
              PIN_USB_VBUS_SENSE != PIN_GBA_SI_FIXED &&
              PIN_USB_VBUS_SENSE != PIN_GBA_SO_FIXED &&
              PIN_USB_VBUS_SENSE != PIN_GBA_SD_ALT_STAGE1,
              "USB VBUS sense GPIO must not be used for GBA link wiring");

// DIN MIDI is optional. Waveshare RP2040 Zero Serial1 defaults are GPIO0 TX / GPIO1 RX.
constexpr uint8_t PIN_DIN_MIDI_TX = 0;
constexpr uint8_t PIN_DIN_MIDI_RX = 1;
constexpr uint32_t DIN_MIDI_BAUD = 31250;

// ---------------- Upload behavior ----------------
constexpr uint32_t MULTIBOOT_RETRY_MS = 1000;
constexpr uint32_t GBA_WORD_TIMEOUT_US = 20000;
constexpr bool STAGE1_EXEC_DIAGNOSTIC_ONLY = false;
constexpr bool STOP_AFTER_STAGE2_FAILURE = true;

// ---------------- MIDI behavior ----------------
constexpr bool USB_TO_DIN_THRU = true;
constexpr bool DIN_TO_USB_THRU = true;
constexpr uint8_t MIDI_SERVICE_BYTE_BUDGET = 32;
constexpr uint16_t USB_THRU_QUEUE_SIZE = 1024;
constexpr uint16_t USB_THRU_QUEUE_MASK = USB_THRU_QUEUE_SIZE - 1;
constexpr uint8_t USB_THRU_FLUSH_BYTE_BUDGET = 24;
static_assert((USB_THRU_QUEUE_SIZE & USB_THRU_QUEUE_MASK) == 0, "USB thru queue size must be a power of two");
constexpr uint32_t USB_VBUS_DEBOUNCE_MS = 500;
constexpr uint32_t USB_HOTPLUG_ARM_LOW_MS = 3000;
constexpr uint32_t USB_HOTPLUG_REBOOT_HIGH_MS = 2000;
constexpr uint32_t USB_REBOOT_DELAY_MS = 10;

// Original AVR used (F_CPU / 115200) - 16 because its GPIO/timer code had
// measured AVR-specific overhead. RP2040 direct GPIO uses an accurate cycle
// wait, so do not carry that AVR trim over.
constexpr uint32_t GBA_CHAR_CYCLES = F_CPU / 115200UL;
constexpr uint32_t GBA_NORMAL_MODE_CYCLES = F_CPU / 256000UL;
constexpr uint32_t GBA_NORMAL_MODE_CYCLE_OPTIONS[] = {
  F_CPU / 256000UL,
  F_CPU / 128000UL,
  F_CPU / 64000UL,
  F_CPU / 32000UL,
};
constexpr uint8_t GBA_NORMAL_MODE_CYCLE_OPTION_COUNT = sizeof(GBA_NORMAL_MODE_CYCLE_OPTIONS) / sizeof(GBA_NORMAL_MODE_CYCLE_OPTIONS[0]);
constexpr bool GBA_STAGE2_TIMING_DIAGNOSTIC = false;
constexpr uint8_t GBA_STAGE2_CYCLE_OPTION = 1;  // 128 kHz identified by yellow timing diagnostic.

// ---------------- Embedded ROMs ----------------
const uint8_t gbaStage1LoaderImage[] = {
  0x36, 0x00, 0x00, 0xea, 0x24, 0xff, 0xae, 0x51, 0x69, 0x9a, 0xa2, 0x21,
  0x3d, 0x84, 0x82, 0x0a, 0x84, 0xe4, 0x09, 0xad, 0x11, 0x24, 0x8b, 0x98,
  0xc0, 0x81, 0x7f, 0x21, 0xa3, 0x52, 0xbe, 0x19, 0x93, 0x09, 0xce, 0x20,
  0x10, 0x46, 0x4a, 0x4a, 0xf8, 0x27, 0x31, 0xec, 0x58, 0xc7, 0xe8, 0x33,
  0x82, 0xe3, 0xce, 0xbf, 0x85, 0xf4, 0xdf, 0x94, 0xce, 0x4b, 0x09, 0xc1,
  0x94, 0x56, 0x8a, 0xc0, 0x13, 0x72, 0xa7, 0xfc, 0x9f, 0x84, 0x4d, 0x73,
  0xa3, 0xca, 0x9a, 0x61, 0x58, 0x97, 0xa3, 0x27, 0xfc, 0x03, 0x98, 0x76,
  0x23, 0x1d, 0xc7, 0x61, 0x03, 0x04, 0xae, 0x56, 0xbf, 0x38, 0x84, 0x00,
  0x40, 0xa7, 0x0e, 0xfd, 0xff, 0x52, 0xfe, 0x03, 0x6f, 0x95, 0x30, 0xf1,
  0x97, 0xfb, 0xc0, 0x85, 0x60, 0xd6, 0x80, 0x25, 0xa9, 0x63, 0xbe, 0x03,
  0x01, 0x4e, 0x38, 0xe2, 0xf9, 0xa2, 0x34, 0xff, 0xbb, 0x3e, 0x03, 0x44,
  0x78, 0x00, 0x90, 0xcb, 0x88, 0x11, 0x3a, 0x94, 0x65, 0xc0, 0x7c, 0x63,
  0x87, 0xf0, 0x3c, 0xaf, 0xd6, 0x25, 0xe4, 0x8b, 0x38, 0x0a, 0xac, 0x72,
  0x21, 0xd4, 0xf8, 0x07, 0x00, 0x00, 0x00, 0x00, 0x00, 0x00, 0x00, 0x00,
  0x00, 0x00, 0x00, 0x00, 0x00, 0x00, 0x00, 0x00, 0x30, 0x31, 0x96, 0x00,
  0x80, 0x00, 0x00, 0x00, 0x00, 0x00, 0x00, 0x00, 0x00, 0x70, 0x00, 0x00,
  0x06, 0x00, 0x00, 0xea, 0x00, 0x00, 0x00, 0x00, 0x00, 0x00, 0x00, 0x00,
  0x00, 0x00, 0x00, 0x00, 0x00, 0x00, 0x00, 0x00, 0x00, 0x00, 0x00, 0x00,
  0x00, 0x00, 0x00, 0x00, 0x00, 0x00, 0x00, 0x00, 0x01, 0x03, 0xa0, 0xe3,
  0x01, 0x1b, 0xa0, 0xe3, 0x03, 0x10, 0x81, 0xe3, 0xb0, 0x10, 0xc0, 0xe1,
  0x06, 0x04, 0xa0, 0xe3, 0x1f, 0x10, 0xa0, 0xe3, 0x01, 0x2b, 0xa0, 0xe3,
  0xb2, 0x10, 0xc0, 0xe0, 0x01, 0x20, 0x52, 0xe2, 0xfc, 0xff, 0xff, 0x1a,
  0x2c, 0x00, 0x8f, 0xe2, 0x03, 0x14, 0xa0, 0xe3, 0x40, 0x20, 0xa0, 0xe3,
  0x00, 0x00, 0x0c, 0xef, 0x18, 0xa0, 0x9f, 0xe5, 0x10, 0x90, 0x9f, 0xe5,
  0x00, 0x00, 0xa0, 0xe3, 0xb4, 0x01, 0xca, 0xe1, 0x01, 0x0a, 0xa0, 0xe3,
  0xb8, 0x00, 0xca, 0xe1, 0x03, 0xf4, 0xa0, 0xe3, 0x07, 0xb0, 0x57, 0xfa,
  0x20, 0x01, 0x00, 0x04, 0x02, 0x84, 0xa0, 0xe3, 0x00, 0x70, 0xa0, 0xe3,
  0x00, 0x60, 0xa0, 0xe3, 0x09, 0x00, 0xa0, 0xe1, 0x1e, 0x00, 0x00, 0xeb,
  0x09, 0x00, 0x50, 0xe1, 0x06, 0x00, 0x00, 0x0a, 0x06, 0x04, 0xa0, 0xe3,
  0x1f, 0x1b, 0xa0, 0xe3, 0x01, 0x2b, 0xa0, 0xe3, 0xb2, 0x10, 0xc0, 0xe0,
  0x01, 0x20, 0x52, 0xe2, 0xfc, 0xff, 0xff, 0x1a, 0xf4, 0xff, 0xff, 0xea,
  0x3e, 0x1e, 0xa0, 0xe3, 0x06, 0x04, 0xa0, 0xe3, 0x01, 0x2b, 0xa0, 0xe3,
  0xb2, 0x10, 0xc0, 0xe0, 0x01, 0x20, 0x52, 0xe2, 0xfc, 0xff, 0xff, 0x1a,
  0x00, 0x00, 0xa0, 0xe3, 0x0d, 0x00, 0x00, 0xeb, 0x00, 0x60, 0xa0, 0xe1,
  0x08, 0x00, 0xa0, 0xe1, 0x0a, 0x00, 0x00, 0xeb, 0x00, 0x00, 0x88, 0xe5,
  0x01, 0x60, 0x46, 0xe2, 0x04, 0x80, 0x88, 0xe2, 0x00, 0x70, 0x87, 0xe0,
  0x00, 0x00, 0x56, 0xe3, 0xf7, 0xff, 0xff, 0x1a, 0x07, 0x00, 0xa0, 0xe1,
  0x02, 0x00, 0x00, 0xeb, 0x07, 0x00, 0x50, 0xe1, 0xdc, 0xff, 0xff, 0x1a,
  0x02, 0xf4, 0xa0, 0xe3, 0x00, 0x00, 0x8a, 0xe5, 0xb8, 0x00, 0xda, 0xe1,
  0x80, 0x00, 0x80, 0xe3, 0x08, 0x00, 0xc0, 0xe3, 0xb8, 0x00, 0xca, 0xe1,
  0xb8, 0x00, 0xda, 0xe1, 0x80, 0x00, 0x00, 0xe2, 0x00, 0x00, 0x50, 0xe3,
  0xfb, 0xff, 0xff, 0x1a, 0x00, 0x00, 0x9a, 0xe5, 0x1e, 0xff, 0x2f, 0xe1,
};

const uint8_t gbaStage2RuntimeImage[] = {
  0x2e, 0x00, 0x00, 0xea, 0x24, 0xff, 0xae, 0x51, 0x69, 0x9a, 0xa2, 0x21,
  0x3d, 0x84, 0x82, 0x0a, 0x84, 0xe4, 0x09, 0xad, 0x11, 0x24, 0x8b, 0x98,
  0xc0, 0x81, 0x7f, 0x21, 0xa3, 0x52, 0xbe, 0x19, 0x93, 0x09, 0xce, 0x20,
  0x10, 0x46, 0x4a, 0x4a, 0xf8, 0x27, 0x31, 0xec, 0x58, 0xc7, 0xe8, 0x33,
  0x82, 0xe3, 0xce, 0xbf, 0x85, 0xf4, 0xdf, 0x94, 0xce, 0x4b, 0x09, 0xc1,
  0x94, 0x56, 0x8a, 0xc0, 0x13, 0x72, 0xa7, 0xfc, 0x9f, 0x84, 0x4d, 0x73,
  0xa3, 0xca, 0x9a, 0x61, 0x58, 0x97, 0xa3, 0x27, 0xfc, 0x03, 0x98, 0x76,
  0x23, 0x1d, 0xc7, 0x61, 0x03, 0x04, 0xae, 0x56, 0xbf, 0x38, 0x84, 0x00,
  0x40, 0xa7, 0x0e, 0xfd, 0xff, 0x52, 0xfe, 0x03, 0x6f, 0x95, 0x30, 0xf1,
  0x97, 0xfb, 0xc0, 0x85, 0x60, 0xd6, 0x80, 0x25, 0xa9, 0x63, 0xbe, 0x03,
  0x01, 0x4e, 0x38, 0xe2, 0xf9, 0xa2, 0x34, 0xff, 0xbb, 0x3e, 0x03, 0x44,
  0x78, 0x00, 0x90, 0xcb, 0x88, 0x11, 0x3a, 0x94, 0x65, 0xc0, 0x7c, 0x63,
  0x87, 0xf0, 0x3c, 0xaf, 0xd6, 0x25, 0xe4, 0x8b, 0x38, 0x0a, 0xac, 0x72,
  0x21, 0xd4, 0xf8, 0x07, 0x00, 0x00, 0x00, 0x00, 0x00, 0x00, 0x00, 0x00,
  0x00, 0x00, 0x00, 0x00, 0x00, 0x00, 0x00, 0x00, 0x30, 0x31, 0x96, 0x00,
  0x00, 0x00, 0x00, 0x00, 0x00, 0x00, 0x00, 0x00, 0x00, 0xf0, 0x00, 0x00,
  0x06, 0x00, 0x00, 0xea, 0x00, 0x00, 0x00, 0x00, 0x00, 0x00, 0x00, 0x00,
  0x00, 0x00, 0x00, 0x00, 0x00, 0x00, 0x00, 0x00, 0x00, 0x00, 0x00, 0x00,
  0x00, 0x00, 0x00, 0x00, 0x00, 0x00, 0x00, 0x00, 0x12, 0x00, 0xa0, 0xe3,
  0x00, 0xf0, 0x29, 0xe1, 0x70, 0xd0, 0x9f, 0xe5, 0x1f, 0x00, 0xa0, 0xe3,
  0x00, 0xf0, 0x29, 0xe1, 0x68, 0xd0, 0x9f, 0xe5, 0x01, 0x00, 0x8f, 0xe2,
  0x10, 0xff, 0x2f, 0xe1, 0x19, 0x48, 0x1a, 0x49, 0x09, 0x1a, 0x00, 0xf0,
  0x13, 0xf8, 0x19, 0x49, 0x19, 0x4a, 0x1a, 0x4c, 0x00, 0xf0, 0x17, 0xf8,
  0x19, 0x49, 0x1a, 0x4a, 0x1a, 0x4c, 0x00, 0xf0, 0x12, 0xf8, 0x1a, 0x49,
  0x1a, 0x48, 0x08, 0x60, 0x00, 0x20, 0x00, 0x21, 0x19, 0x4b, 0x9e, 0x46,
  0x19, 0x4b, 0x18, 0x47, 0x03, 0x22, 0x89, 0x18, 0x91, 0x43, 0x03, 0xd0,
  0x00, 0x22, 0x04, 0xc0, 0x04, 0x39, 0xfc, 0xd1, 0x70, 0x47, 0xa3, 0x1a,
  0x03, 0x20, 0x1b, 0x18, 0x83, 0x43, 0x03, 0xd0, 0x01, 0xc9, 0x01, 0xc2,
  0x04, 0x3b, 0xfb, 0xd1, 0x70, 0x47, 0xc0, 0x46, 0x38, 0x00, 0x9f, 0xe5,
  0x10, 0xff, 0x2f, 0xe1, 0xa0, 0x7f, 0x00, 0x03, 0x00, 0x7f, 0x00, 0x03,
  0x00, 0x01, 0x00, 0x03, 0x00, 0x01, 0x00, 0x03, 0x08, 0x34, 0x00, 0x02,
  0x18, 0x50, 0x00, 0x03, 0xf0, 0x53, 0x00, 0x03, 0x08, 0x33, 0x00, 0x02,
  0x00, 0x00, 0x00, 0x03, 0x00, 0x01, 0x00, 0x03, 0xfc, 0x7f, 0x00, 0x03,
  0x58, 0x01, 0x00, 0x02, 0xe0, 0x00, 0x00, 0x02, 0x61, 0x15, 0x00, 0x02,
  0x35, 0x24, 0x00, 0x02, 0x02, 0xb4, 0x71, 0x46, 0x49, 0x08, 0x49, 0x00,
  0x09, 0x5c, 0x49, 0x00, 0x8e, 0x44, 0x02, 0xbc, 0x70, 0x47, 0xc0, 0x46,
  0x03, 0xb4, 0x71, 0x46, 0x49, 0x08, 0x40, 0x00, 0x49, 0x00, 0x09, 0x5e,
  0x49, 0x00, 0x8e, 0x44, 0x03, 0xbc, 0x70, 0x47, 0x00, 0x00, 0x51, 0xe3,
  0x43, 0x00, 0x00, 0x0a, 0x01, 0xc0, 0x20, 0xe0, 0x00, 0x10, 0x61, 0x42,
  0x01, 0x20, 0x51, 0xe2, 0x27, 0x00, 0x00, 0x0a, 0x00, 0x30, 0xb0, 0xe1,
  0x00, 0x30, 0x60, 0x42, 0x01, 0x00, 0x53, 0xe1, 0x26, 0x00, 0x00, 0x9a,
  0x02, 0x00, 0x11, 0xe1, 0x28, 0x00, 0x00, 0x0a, 0x0e, 0x02, 0x11, 0xe3,
  0x81, 0x11, 0xa0, 0x01, 0x08, 0x20, 0xa0, 0x03, 0x01, 0x20, 0xa0, 0x13,
  0x01, 0x02, 0x51, 0xe3, 0x03, 0x00, 0x51, 0x31, 0x01, 0x12, 0xa0, 0x31,
  0x02, 0x22, 0xa0, 0x31, 0xfa, 0xff, 0xff, 0x3a, 0x02, 0x01, 0x51, 0xe3,
  0x03, 0x00, 0x51, 0x31, 0x81, 0x10, 0xa0, 0x31, 0x82, 0x20, 0xa0, 0x31,
  0xfa, 0xff, 0xff, 0x3a, 0x00, 0x00, 0xa0, 0xe3, 0x01, 0x00, 0x53, 0xe1,
  0x01, 0x30, 0x43, 0x20, 0x02, 0x00, 0x80, 0x21, 0xa1, 0x00, 0x53, 0xe1,
  0xa1, 0x30, 0x43, 0x20, 0xa2, 0x00, 0x80, 0x21, 0x21, 0x01, 0x53, 0xe1,
  0x21, 0x31, 0x43, 0x20, 0x22, 0x01, 0x80, 0x21, 0xa1, 0x01, 0x53, 0xe1,
  0xa1, 0x31, 0x43, 0x20, 0xa2, 0x01, 0x80, 0x21, 0x00, 0x00, 0x53, 0xe3,
  0x22, 0x22, 0xb0, 0x11, 0x21, 0x12, 0xa0, 0x11, 0xef, 0xff, 0xff, 0x1a,
  0x00, 0x00, 0x5c, 0xe3, 0x00, 0x00, 0x60, 0x42, 0x1e, 0xff, 0x2f, 0xe1,
  0x00, 0x00, 0x3c, 0xe1, 0x00, 0x00, 0x60, 0x42, 0x1e, 0xff, 0x2f, 0xe1,
  0x00, 0x00, 0xa0, 0x33, 0xcc, 0x0f, 0xa0, 0x01, 0x01, 0x00, 0x80, 0x03,
  0x1e, 0xff, 0x2f, 0xe1, 0x01, 0x08, 0x51, 0xe3, 0x21, 0x18, 0xa0, 0x21,
  0x10, 0x20, 0xa0, 0x23, 0x00, 0x20, 0xa0, 0x33, 0x01, 0x0c, 0x51, 0xe3,
  0x21, 0x14, 0xa0, 0x21, 0x08, 0x20, 0x82, 0x22, 0x10, 0x00, 0x51, 0xe3,
  0x21, 0x12, 0xa0, 0x21, 0x04, 0x20, 0x82, 0x22, 0x04, 0x00, 0x51, 0xe3,
  0x03, 0x20, 0x82, 0x82, 0xa1, 0x20, 0x82, 0x90, 0x00, 0x00, 0x5c, 0xe3,
  0x33, 0x02, 0xa0, 0xe1, 0x00, 0x00, 0x60, 0x42, 0x1e, 0xff, 0x2f, 0xe1,
  0x1f, 0xff, 0x2f, 0xe1, 0x00, 0x00, 0xa0, 0xe1, 0x00, 0x00, 0x50, 0xe3,
  0x02, 0x01, 0xe0, 0xc3, 0x02, 0x01, 0xa0, 0xb3, 0x8a, 0x08, 0x00, 0xea,
  0x00, 0x00, 0x51, 0xe3, 0xf7, 0xff, 0xff, 0x0a, 0x03, 0x40, 0x2d, 0xe9,
  0xb1, 0xff, 0xff, 0xeb, 0x06, 0x40, 0xbd, 0xe8, 0x92, 0x00, 0x03, 0xe0,
  0x03, 0x10, 0x41, 0xe0, 0x1e, 0xff, 0x2f, 0xe1, 0x70, 0x47, 0xc0, 0x46,
  0xf0, 0xb5, 0xc6, 0x46, 0x05, 0x04, 0x0f, 0x00, 0x11, 0x04, 0x06, 0x0c,
  0x2d, 0x0c, 0x09, 0x0c, 0x9c, 0x46, 0x13, 0x0c, 0x04, 0x00, 0x08, 0x00,
  0x68, 0x43, 0x71, 0x43, 0x5d, 0x43, 0x5e, 0x43, 0x6d, 0x18, 0x03, 0x0c,
  0x5b, 0x19, 0x00, 0xb5, 0x99, 0x42, 0x02, 0xd9, 0x80, 0x21, 0x49, 0x02,
  0x76, 0x18, 0x00, 0x04, 0x1d, 0x0c, 0x00, 0x0c, 0x1b, 0x04, 0x18, 0x18,
  0x23, 0x00, 0x64, 0x46, 0x5c, 0x43, 0x3b, 0x00, 0x53, 0x43, 0xad, 0x19,
  0xe1, 0x18, 0x49, 0x19, 0x80, 0xbc, 0xb8, 0x46, 0xf0, 0xbc, 0x04, 0xbc,
  0x10, 0x47, 0xc0, 0x46, 0x0d, 0x4b, 0x1b, 0x68, 0x98, 0x42, 0x05, 0xd0,
  0x00, 0x22, 0x03, 0x00, 0x02, 0x28, 0x02, 0xd0, 0x10, 0x00, 0x70, 0x47,
  0x00, 0x23, 0x09, 0x4a, 0x9b, 0x00, 0x9b, 0x58, 0x01, 0x2b, 0x03, 0xd1,
  0x07, 0x4b, 0x80, 0x00, 0xc2, 0x58, 0xf3, 0xe7, 0x01, 0x22, 0x02, 0x2b,
  0xf0, 0xd0, 0x03, 0x3b, 0x5a, 0x42, 0x53, 0x41, 0x5a, 0x00, 0xeb, 0xe7,
  0x00, 0x05, 0x00, 0x03, 0x18, 0x03, 0x00, 0x03, 0x08, 0x03, 0x00, 0x03,
  0x00, 0x21, 0x10, 0xb5, 0x0d, 0x4b, 0x82, 0x00, 0xd3, 0x58, 0x0d, 0x4a,
  0x14, 0x7b, 0x84, 0x42, 0x05, 0xd1, 0x94, 0x68, 0x00, 0x2c, 0x02, 0xd0,
  0x14, 0x68, 0xe4, 0x11, 0x1b, 0x19, 0x01, 0x31, 0x14, 0x32, 0x03, 0x29,
  0xf2, 0xd1, 0x18, 0x1e, 0x03, 0xda, 0x00, 0x20, 0x10, 0xbc, 0x02, 0xbc,
  0x08, 0x47, 0x7f, 0x2b, 0xfa, 0xdd, 0x7f, 0x20, 0xf8, 0xe7, 0xc0, 0x46,
  0x88, 0x06, 0x00, 0x03, 0x50, 0x05, 0x00, 0x03, 0x14, 0x22, 0x50, 0x43,
  0x07, 0x4b, 0xc2, 0x5c, 0x00, 0x2a, 0x01, 0xd1, 0x10, 0x00, 0x70, 0x47,
  0x1b, 0x18, 0x1a, 0x7a, 0x00, 0x2a, 0xf9, 0xd0, 0x18, 0x79, 0x40, 0x1a,
  0x43, 0x42, 0x58, 0x41, 0xf5, 0xe7, 0xc0, 0x46, 0x98, 0x05, 0x00, 0x03,
  0x70, 0xb5, 0x05, 0x00, 0x0e, 0x00, 0x08, 0x28, 0x00, 0xd9, 0x00, 0x25,
  0x2c, 0x00, 0x01, 0x34, 0x07, 0x2c, 0x00, 0xdd, 0x00, 0x24, 0x31, 0x00,
  0x20, 0x00, 0xff, 0xf7, 0xdd, 0xff, 0xa5, 0x42, 0x09, 0xd0, 0x00, 0x28,
  0xf3, 0xd0, 0x01, 0x20, 0x05, 0x4b, 0xb6, 0x00, 0xf0, 0x50, 0x20, 0x00,
  0x70, 0xbc, 0x02, 0xbc, 0x08, 0x47, 0x00, 0x28, 0xf5, 0xd1, 0x01, 0x24,
  0x64, 0x42, 0xf3, 0xe7, 0x48, 0x05, 0x00, 0x03, 0x00, 0x22, 0x10, 0xb5,
  0x0d, 0x4b, 0x1c, 0x78, 0x84, 0x42, 0x0a, 0xd1, 0x1c, 0x79, 0x8c, 0x42,
  0x07, 0xd1, 0x0b, 0x4c, 0x24, 0x68, 0x00, 0x2c, 0x0a, 0xd0, 0x04, 0x29,
  0x08, 0xd1, 0x01, 0x24, 0xdc, 0x70, 0x01, 0x32, 0x14, 0x33, 0x08, 0x2a,
  0xed, 0xd1, 0x10, 0xbc, 0x01, 0xbc, 0x00, 0x47, 0x00, 0x24, 0x1c, 0x70,
  0x1c, 0x72, 0x5c, 0x70, 0xf3, 0xe7, 0xc0, 0x46, 0x98, 0x05, 0x00, 0x03,
  0x38, 0x05, 0x00, 0x03, 0xf7, 0xb5, 0x16, 0x4d, 0x00, 0x23, 0x2e, 0x00,
  0x2c, 0x00, 0x01, 0x91, 0x37, 0x78, 0x00, 0x2f, 0x04, 0xd0, 0x87, 0x42,
  0x10, 0xd1, 0x37, 0x79, 0x97, 0x42, 0x0d, 0xd1, 0x14, 0x25, 0x5d, 0x43,
  0x01, 0x99, 0x60, 0x55, 0x64, 0x19, 0x61, 0x70, 0x00, 0x21, 0x18, 0x00,
  0x61, 0x80, 0x21, 0x72, 0x22, 0x71, 0xfe, 0xbc, 0x02, 0xbc, 0x08, 0x47,
  0x01, 0x33, 0x14, 0x36, 0x08, 0x2b, 0xe5, 0xd1, 0x00, 0x23, 0x1f, 0x00,
  0x1e, 0x00, 0xe9, 0x78, 0xb9, 0x42, 0x01, 0xdd, 0x0f, 0x00, 0x33, 0x00,
  0x01, 0x36, 0x14, 0x35, 0x08, 0x2e, 0xf6, 0xd1, 0xe0, 0xe7, 0xc0, 0x46,
  0x98, 0x05, 0x00, 0x03, 0x17, 0x28, 0x06, 0xdd, 0x60, 0x28, 0x06, 0xdc,
  0x04, 0x4b, 0x18, 0x38, 0x80, 0x00, 0xc0, 0x58, 0x70, 0x47, 0x03, 0x48,
  0xfc, 0xe7, 0x03, 0x48, 0xfa, 0xe7, 0xc0, 0x46, 0x50, 0x29, 0x00, 0x02,
  0x7b, 0x6b, 0x61, 0x00, 0xad, 0xde, 0x5a, 0x18, 0xf7, 0xb5, 0x0d, 0x00,
  0x01, 0x90, 0xff, 0xf7, 0xe7, 0xff, 0x04, 0x00, 0x40, 0x2d, 0x1e, 0xd0,
  0x06, 0x00, 0x00, 0x27, 0x3f, 0x2d, 0x1d, 0xdc, 0x01, 0x98, 0x02, 0x38,
  0xff, 0xf7, 0xdc, 0xff, 0x3b, 0x00, 0x02, 0x00, 0xb6, 0x1a, 0x9f, 0x41,
  0x04, 0x00, 0x32, 0x00, 0x3b, 0x00, 0x28, 0x00, 0xe9, 0x17, 0xff, 0xf7,
  0xd9, 0xfe, 0x3f, 0x25, 0xce, 0x17, 0x2e, 0x40, 0x32, 0x00, 0x00, 0x23,
  0x12, 0x18, 0x4b, 0x41, 0x11, 0x00, 0x9b, 0x06, 0x8a, 0x09, 0x9a, 0x18,
  0xa0, 0x18, 0xfe, 0xbc, 0x02, 0xbc, 0x08, 0x47, 0x01, 0x98, 0x02, 0x30,
  0xff, 0xf7, 0xbe, 0xff, 0x3b, 0x00, 0x02, 0x00, 0x40, 0x3d, 0x92, 0x1b,
  0xbb, 0x41, 0xe2, 0xe7, 0x70, 0xb5, 0x04, 0x22, 0x05, 0x00, 0xff, 0xf7,
  0x83, 0xff, 0x14, 0x23, 0x43, 0x43, 0x09, 0x4c, 0xe4, 0x18, 0x00, 0x23,
  0x10, 0x20, 0xa3, 0x60, 0xff, 0xf7, 0x00, 0xff, 0x01, 0x00, 0x28, 0x00,
  0xff, 0xf7, 0xba, 0xff, 0x04, 0x4b, 0x1b, 0x68, 0xe0, 0x60, 0x23, 0x61,
  0x70, 0xbc, 0x01, 0xbc, 0x00, 0x47, 0xc0, 0x46, 0x98, 0x05, 0x00, 0x03,
  0x00, 0x03, 0x00, 0x03, 0x28, 0x23, 0x17, 0x28, 0x05, 0xdd, 0x60, 0x28,
  0x05, 0xdc, 0x04, 0x4b, 0x18, 0x38, 0x40, 0x00, 0xc3, 0x5a, 0x18, 0x00,
  0x70, 0x47, 0x02, 0x4b, 0xfb, 0xe7, 0xc0, 0x46, 0xbe, 0x28, 0x00, 0x02,
  0xee, 0x07, 0x00, 0x00, 0x70, 0xb5, 0x06, 0x00, 0x0c, 0x00, 0xff, 0xf7,
  0xe9, 0xff, 0x05, 0x00, 0x3f, 0x2c, 0x0d, 0xdc, 0xb0, 0x1e, 0xff, 0xf7,
  0xe3, 0xff, 0x29, 0x1a, 0x3f, 0x22, 0x61, 0x43, 0xcb, 0x17, 0x13, 0x40,
  0x5b, 0x18, 0x9b, 0x11, 0x18, 0x18, 0x70, 0xbc, 0x02, 0xbc, 0x08, 0x47,
  0xb0, 0x1c, 0xff, 0xf7, 0xd5, 0xff, 0x40, 0x3c, 0x41, 0x1b, 0x28, 0x00,
  0xee, 0xe7, 0xff, 0xff, 0xf7, 0xb5, 0x04, 0x00, 0x0e, 0x00, 0x4f, 0x4d,
  0x02, 0x28, 0x39, 0xd0, 0x03, 0x28, 0x3d, 0xd0, 0x01, 0x28, 0x2f, 0xd0,
  0x4c, 0x4b, 0x1b, 0x68, 0x05, 0x20, 0x2f, 0x78, 0x00, 0x2b, 0x00, 0xd0,
  0x08, 0x20, 0xff, 0xf7, 0xad, 0xfe, 0x01, 0x00, 0x38, 0x00, 0xff, 0xf7,
  0xcb, 0xff, 0x47, 0x4b, 0x1a, 0x68, 0xf3, 0x07, 0x01, 0x93, 0x46, 0x4b,
  0x94, 0x42, 0x3b, 0xd0, 0x02, 0x22, 0x94, 0x42, 0x39, 0xd0, 0x01, 0x9a,
  0x12, 0x0c, 0x03, 0x2c, 0x00, 0xd1, 0x6e, 0xe0, 0x01, 0x2c, 0x60, 0xd0,
  0x9c, 0x88, 0x40, 0x49, 0x0c, 0x80, 0x40, 0x4c, 0x21, 0x88, 0x1d, 0x88,
  0x09, 0x0b, 0x1b, 0x89, 0x09, 0x03, 0x29, 0x43, 0x13, 0x43, 0x21, 0x80,
  0x3c, 0x4a, 0x03, 0x43, 0x13, 0x80, 0xf7, 0xbc, 0x01, 0xbc, 0x00, 0x47,
  0x05, 0x20, 0xff, 0xf7, 0x83, 0xfe, 0x01, 0x00, 0x68, 0x78, 0xd4, 0xe7,
  0x06, 0x20, 0xff, 0xf7, 0x7d, 0xfe, 0x01, 0x00, 0xa8, 0x78, 0xce, 0xe7,
  0x07, 0x20, 0xff, 0xf7, 0x77, 0xfe, 0x03, 0x00, 0x67, 0x21, 0x40, 0x3b,
  0x23, 0x41, 0xea, 0x78, 0x89, 0x1a, 0xca, 0x0f, 0x52, 0x18, 0x52, 0x10,
  0x9b, 0x18, 0x07, 0x22, 0xd8, 0x10, 0x60, 0x43, 0x13, 0x40, 0x00, 0x01,
  0x18, 0x43, 0xbc, 0xe7, 0x00, 0x22, 0x2a, 0x49, 0x12, 0x01, 0x2f, 0x5d,
  0x55, 0x58, 0x00, 0x2d, 0x12, 0xd0, 0x80, 0x26, 0x8d, 0x18, 0xac, 0x46,
  0x6d, 0x68, 0x76, 0x02, 0xb5, 0x42, 0x0b, 0xd0, 0x00, 0x2f, 0x0b, 0xd0,
  0x77, 0x1b, 0x66, 0x46, 0xb6, 0x68, 0x45, 0x43, 0x7e, 0x43, 0x75, 0x19,
  0x28, 0x14, 0x89, 0x18, 0xc8, 0x60, 0x01, 0xe0, 0x00, 0x2f, 0xfa, 0xd1,
  0x01, 0x9a, 0x12, 0x0c, 0x02, 0x2c, 0xa8, 0xd1, 0x9c, 0x8b, 0x1b, 0x49,
  0x0c, 0x80, 0x1b, 0x4c, 0x21, 0x88, 0x1d, 0x8b, 0x09, 0x0b, 0x1b, 0x8c,
  0x09, 0x03, 0x13, 0x43, 0x29, 0x43, 0x21, 0x80, 0x17, 0x4a, 0x03, 0x43,
  0xac, 0xe7, 0x17, 0x4c, 0x21, 0x88, 0x1d, 0x8a, 0x09, 0x0b, 0x9b, 0x89,
  0x09, 0x03, 0x13, 0x43, 0x29, 0x43, 0x21, 0x80, 0x13, 0x4a, 0x03, 0x43,
  0xa0, 0xe7, 0x13, 0x4c, 0x21, 0x88, 0x1d, 0x8d, 0x9b, 0x8c, 0x09, 0x0b,
  0x1a, 0x43, 0x09, 0x03, 0x10, 0x4b, 0x29, 0x43, 0x10, 0x43, 0x21, 0x80,
  0x18, 0x80, 0x94, 0xe7, 0x04, 0x03, 0x00, 0x03, 0x94, 0x05, 0x00, 0x03,
  0x00, 0x05, 0x00, 0x03, 0x34, 0x04, 0x00, 0x03, 0x60, 0x00, 0x00, 0x04,
  0x62, 0x00, 0x00, 0x04, 0x64, 0x00, 0x00, 0x04, 0x3c, 0x06, 0x00, 0x03,
  0x70, 0x00, 0x00, 0x04, 0x72, 0x00, 0x00, 0x04, 0x74, 0x00, 0x00, 0x04,
  0x68, 0x00, 0x00, 0x04, 0x6c, 0x00, 0x00, 0x04, 0x78, 0x00, 0x00, 0x04,
  0x7c, 0x00, 0x00, 0x04, 0xf0, 0xb5, 0x03, 0x00, 0x0c, 0x00, 0x85, 0xb0,
  0x01, 0x28, 0x1a, 0xd1, 0x00, 0x25, 0x2a, 0x29, 0x03, 0xdd, 0x80, 0x35,
  0x54, 0x29, 0x00, 0xdc, 0x40, 0x3d, 0xaa, 0x4b, 0x18, 0x68, 0xaa, 0x4c,
  0xaa, 0x4e, 0x00, 0x28, 0x06, 0xd1, 0x23, 0x68, 0x33, 0x40, 0x2b, 0x43,
  0x01, 0x00, 0x23, 0x60, 0xff, 0xf7, 0x26, 0xff, 0x23, 0x69, 0x33, 0x40,
  0x2b, 0x43, 0x23, 0x61, 0x00, 0x21, 0x01, 0x20, 0x14, 0xe0, 0x02, 0x28,
  0x18, 0xd1, 0x9f, 0x4b, 0x1b, 0x68, 0x00, 0x2b, 0x10, 0xd0, 0x00, 0x22,
  0x2a, 0x29, 0x03, 0xdd, 0x80, 0x32, 0x54, 0x29, 0x00, 0xdc, 0x40, 0x3a,
  0x9a, 0x49, 0x9b, 0x48, 0x0b, 0x68, 0x03, 0x40, 0x13, 0x43, 0x0b, 0x60,
  0x00, 0x21, 0x08, 0x00, 0xff, 0xf7, 0x08, 0xff, 0x05, 0xb0, 0xf0, 0xbc,
  0x01, 0xbc, 0x00, 0x47, 0x05, 0x38, 0x10, 0x28, 0x00, 0xd9, 0xa8, 0xe0,
  0xff, 0xf7, 0xb2, 0xfc, 0x09, 0x73, 0x33, 0xa7, 0xa7, 0xa7, 0x8e, 0xa7,
  0xa7, 0xa7, 0xa7, 0xa7, 0x63, 0x36, 0x11, 0x27, 0x7a, 0x00, 0x8b, 0x4b,
  0x18, 0x68, 0x00, 0x28, 0xce, 0xd1, 0x01, 0x00, 0xff, 0xf7, 0xee, 0xfe,
  0xca, 0xe7, 0x10, 0x34, 0x7f, 0x2c, 0x00, 0xdd, 0x00, 0x24, 0x85, 0x4b,
  0x1b, 0x68, 0x24, 0x11, 0x84, 0x49, 0x22, 0x02, 0x00, 0x2b, 0x04, 0xd1,
  0x0b, 0x68, 0x84, 0x48, 0x03, 0x40, 0x13, 0x43, 0x0b, 0x60, 0x0c, 0x69,
  0x82, 0x4b, 0x1c, 0x40, 0x14, 0x43, 0x0c, 0x61, 0xb4, 0xe7, 0x10, 0x34,
  0x7f, 0x2c, 0x00, 0xdd, 0x00, 0x24, 0x7b, 0x4a, 0x7d, 0x49, 0x93, 0x6a,
  0x24, 0x11, 0x0b, 0x40, 0x24, 0x02, 0x23, 0x43, 0x93, 0x62, 0x00, 0x21,
  0x03, 0x20, 0xbd, 0xe7, 0x74, 0x4b, 0x1b, 0x68, 0x74, 0x4d, 0x78, 0x4e,
  0x00, 0x2b, 0x10, 0xd1, 0xab, 0x68, 0x7f, 0x29, 0x1b, 0xd1, 0x76, 0x4a,
  0x13, 0x40, 0x7f, 0x22, 0x00, 0x21, 0xab, 0x60, 0x2b, 0x68, 0x12, 0x1b,
  0x33, 0x40, 0x52, 0x10, 0x13, 0x43, 0x08, 0x00, 0x2b, 0x60, 0xff, 0xf7,
  0xb1, 0xfe, 0xeb, 0x68, 0x7f, 0x2c, 0x0e, 0xd1, 0x6d, 0x4a, 0x13, 0x40,
  0x7f, 0x22, 0xeb, 0x60, 0x2b, 0x69, 0x12, 0x1b, 0x33, 0x40, 0x52, 0x10,
  0x13, 0x43, 0x2b, 0x61, 0x80, 0xe7, 0x80, 0x22, 0xd2, 0x01, 0x13, 0x43,
  0xe1, 0xe7, 0x80, 0x22, 0xd2, 0x01, 0x13, 0x43, 0xee, 0xe7, 0x5f, 0x49,
  0x0b, 0x6a, 0x7f, 0x2c, 0x0e, 0xd1, 0x62, 0x4a, 0x13, 0x40, 0xff, 0x22,
  0x0b, 0x62, 0x8b, 0x69, 0x12, 0x02, 0x13, 0x40, 0x7f, 0x22, 0x12, 0x1b,
  0x52, 0x00, 0x13, 0x43, 0x8b, 0x61, 0x00, 0x21, 0x02, 0x20, 0x7d, 0xe7,
  0x80, 0x22, 0xd2, 0x01, 0x13, 0x43, 0xee, 0xe7, 0x53, 0x49, 0x4b, 0x6a,
  0x7f, 0x2c, 0x0b, 0xd1, 0x56, 0x4a, 0x13, 0x40, 0x54, 0x4a, 0x4b, 0x62,
  0x8b, 0x6a, 0x13, 0x40, 0x7f, 0x22, 0x12, 0x1b, 0x52, 0x10, 0x13, 0x43,
  0x8b, 0x62, 0xa8, 0xe7, 0x80, 0x22, 0xd2, 0x01, 0x13, 0x43, 0xf1, 0xe7,
  0x48, 0x4b, 0x1b, 0x68, 0x00, 0x2b, 0x00, 0xd1, 0x62, 0xe7, 0x47, 0x49,
  0x8b, 0x68, 0x7f, 0x2c, 0x0b, 0xd1, 0x4a, 0x4a, 0x13, 0x40, 0x48, 0x4a,
  0x8b, 0x60, 0x0b, 0x68, 0x13, 0x40, 0x7f, 0x22, 0x12, 0x1b, 0x52, 0x10,
  0x13, 0x43, 0x0b, 0x60, 0x52, 0xe7, 0x80, 0x22, 0xd2, 0x01, 0x13, 0x43,
  0xf1, 0xe7, 0x09, 0x2b, 0x44, 0xd0, 0x36, 0xdc, 0x08, 0x2b, 0x00, 0xd1,
  0x8d, 0xe0, 0xd8, 0x1e, 0x2d, 0x28, 0x00, 0xd9, 0x44, 0xe7, 0xff, 0xf7,
  0x09, 0xfc, 0xa3, 0x00, 0xac, 0x00, 0x43, 0xff, 0x43, 0xff, 0x43, 0xff,
  0x43, 0xff, 0x43, 0xff, 0x43, 0xff, 0x43, 0xff, 0x43, 0xff, 0xce, 0x00,
  0xce, 0x00, 0xce, 0x00, 0x43, 0xff, 0x43, 0xff, 0x43, 0xff, 0x43, 0xff,
  0x43, 0xff, 0x43, 0xff, 0x52, 0x01, 0x56, 0x01, 0x56, 0x01, 0x43, 0xff,
  0x43, 0xff, 0x43, 0xff, 0x43, 0xff, 0x43, 0xff, 0x67, 0x01, 0x43, 0xff,
  0x43, 0xff, 0x43, 0xff, 0x43, 0xff, 0x43, 0xff, 0x43, 0xff, 0x43, 0xff,
  0x43, 0xff, 0x43, 0xff, 0x16, 0x01, 0x21, 0x01, 0x24, 0x01, 0x2a, 0x01,
  0x35, 0x01, 0x38, 0x01, 0x3e, 0x01, 0x49, 0x01, 0x4c, 0x01, 0x0a, 0x2b,
  0x1c, 0xd0, 0x1a, 0x2b, 0x5b, 0xd1, 0x24, 0x4a, 0x00, 0x2c, 0x00, 0xd1,
  0x37, 0xe1, 0x66, 0x33, 0x1b, 0x1b, 0xdb, 0x01, 0x13, 0x60, 0x07, 0xe7,
  0x18, 0x4b, 0x19, 0x68, 0x00, 0x29, 0x03, 0xd0, 0x21, 0x00, 0x6f, 0x2c,
  0x00, 0xdd, 0x6f, 0x21, 0x15, 0x48, 0x1c, 0x4a, 0x43, 0x68, 0x13, 0x40,
  0x7f, 0x22, 0x52, 0x1a, 0x12, 0x11, 0x13, 0x43, 0x43, 0x60, 0xf5, 0xe6,
  0x0f, 0x4b, 0x1b, 0x68, 0x0f, 0x49, 0x00, 0x2b, 0x16, 0xd0, 0x07, 0x2c,
  0x16, 0xdd, 0x37, 0x22, 0x77, 0x2c, 0x27, 0xdc, 0x22, 0x00, 0x40, 0x3a,
  0x00, 0x2a, 0x23, 0xdc, 0x53, 0x1e, 0x9a, 0x41, 0x52, 0x42, 0x14, 0x40,
  0x07, 0x22, 0x4b, 0x68, 0xe4, 0x10, 0x13, 0x40, 0x24, 0x01, 0x1c, 0x43,
  0x08, 0x23, 0x23, 0x43, 0x4b, 0x60, 0xd9, 0xe6, 0x1c, 0x00, 0xf3, 0xe7,
  0x08, 0x24, 0xf1, 0xe7, 0x94, 0x05, 0x00, 0x03, 0x34, 0x04, 0x00, 0x03,
  0x3f, 0xff, 0x00, 0x00, 0xff, 0xf8, 0x00, 0x00, 0xff, 0xf0, 0x00, 0x00,
  0xc0, 0xff, 0x00, 0x00, 0xff, 0xbf, 0x00, 0x00, 0xdc, 0x53, 0x00, 0x03,
  0xf8, 0xff, 0x00, 0x00, 0x40, 0x23, 0x07, 0x20, 0x9b, 0x1a, 0x4a, 0x68,
  0xdb, 0x10, 0x1b, 0x01, 0x02, 0x40, 0x13, 0x43, 0xde, 0xe7, 0x74, 0x4b,
  0x1b, 0x68, 0x00, 0x2b, 0x00, 0xd1, 0xb5, 0xe6, 0xb0, 0xe6, 0x0c, 0x2b,
  0x00, 0xd0, 0x68, 0xe7, 0x6f, 0x4b, 0x1b, 0x68, 0x00, 0x2b, 0x00, 0xd1,
  0xac, 0xe6, 0x10, 0x34, 0x7f, 0x2c, 0x00, 0xdd, 0x00, 0x24, 0x6c, 0x4a,
  0x6c, 0x49, 0x13, 0x68, 0x24, 0x11, 0x0b, 0x40, 0x24, 0x02, 0x23, 0x43,
  0x13, 0x60, 0x9b, 0xe6, 0x67, 0x4a, 0x69, 0x49, 0x53, 0x6a, 0xa4, 0x11,
  0x0b, 0x40, 0xe4, 0x00, 0x1c, 0x43, 0x54, 0x62, 0xd3, 0xe6, 0x0f, 0x22,
  0xe3, 0x17, 0x13, 0x40, 0x1b, 0x19, 0x64, 0x49, 0x1b, 0x11, 0x9a, 0x00,
  0x1b, 0x01, 0x58, 0x58, 0x62, 0x4b, 0x18, 0x60, 0x53, 0x1c, 0x9b, 0x00,
  0x58, 0x58, 0x61, 0x4b, 0x18, 0x60, 0x93, 0x1c, 0x9b, 0x00, 0x58, 0x58,
  0x5f, 0x4b, 0x03, 0x32, 0x18, 0x60, 0x93, 0x00, 0x5a, 0x58, 0x5e, 0x4b,
  0x1a, 0x60, 0x40, 0x23, 0x55, 0x4a, 0xd1, 0x69, 0x4b, 0x40, 0xd3, 0x61,
  0x5b, 0x4a, 0x13, 0x80, 0x74, 0xe6, 0x0d, 0x20, 0xff, 0xf7, 0x3a, 0xfc,
  0x04, 0x00, 0x0f, 0x20, 0xff, 0xf7, 0x36, 0xfc, 0x01, 0x90, 0x0e, 0x20,
  0xff, 0xf7, 0x32, 0xfc, 0x55, 0x4b, 0x56, 0x4e, 0x1a, 0x68, 0x03, 0x90,
  0xb2, 0x42, 0x00, 0xd1, 0x54, 0x4e, 0x80, 0x25, 0x1e, 0x60, 0x01, 0x9b,
  0x2d, 0x1b, 0xed, 0x1a, 0x01, 0xd5, 0x64, 0x19, 0x00, 0x25, 0xe3, 0x01,
  0xe3, 0x1a, 0x00, 0x24, 0x02, 0x93, 0x01, 0x9b, 0xdf, 0x01, 0x80, 0x21,
  0x23, 0x00, 0x01, 0x22, 0x0c, 0x42, 0x01, 0xd0, 0x80, 0x3b, 0x02, 0x3a,
  0xc0, 0x20, 0x4a, 0x49, 0x03, 0x42, 0x01, 0xd0, 0x41, 0x38, 0xc3, 0x1a,
  0xcb, 0x5c, 0x53, 0x43, 0x6b, 0x43, 0x02, 0x9a, 0x03, 0x99, 0xfb, 0x18,
  0x9a, 0x18, 0xa1, 0x42, 0x01, 0xdd, 0x02, 0x9a, 0x9a, 0x1a, 0x7f, 0x21,
  0xd3, 0x17, 0x0b, 0x40, 0x9b, 0x18, 0xdb, 0x11, 0x33, 0x55, 0x01, 0xf0,
  0xa7, 0xfc, 0x01, 0x9b, 0xff, 0x1a, 0x80, 0x23, 0x01, 0x34, 0x5b, 0x00,
  0x9c, 0x42, 0xd8, 0xd1, 0x2c, 0xe6, 0x3b, 0x4d, 0x28, 0x7b, 0x3b, 0x4b,
  0x82, 0x00, 0xe4, 0x10, 0xd1, 0x58, 0x01, 0x34, 0xff, 0xf7, 0xec, 0xfd,
  0x2c, 0x73, 0x21, 0xe6, 0x35, 0x4b, 0x9c, 0x60, 0x1e, 0xe6, 0x80, 0x23,
  0x33, 0x4a, 0x1b, 0x1b, 0x9b, 0x00, 0x13, 0x82, 0x18, 0xe6, 0x33, 0x4d,
  0xe8, 0x7f, 0x31, 0x4b, 0x82, 0x00, 0xe4, 0x10, 0xd1, 0x58, 0x01, 0x34,
  0xff, 0xf7, 0xd8, 0xfd, 0xec, 0x77, 0x0d, 0xe6, 0x2b, 0x4b, 0xdc, 0x61,
  0x0a, 0xe6, 0x80, 0x23, 0x29, 0x4a, 0x1b, 0x1b, 0x9b, 0x00, 0x93, 0x84,
  0x04, 0xe6, 0x2a, 0x4d, 0x28, 0x78, 0x27, 0x4b, 0x82, 0x00, 0xe4, 0x10,
  0xd1, 0x58, 0x01, 0x34, 0xff, 0xf7, 0xc4, 0xfd, 0x2c, 0x70, 0xf9, 0xe5,
  0x21, 0x4b, 0x1c, 0x63, 0xf6, 0xe5, 0x80, 0x23, 0x1f, 0x4a, 0x1b, 0x1b,
  0x9b, 0x00, 0x13, 0x87, 0xf0, 0xe5, 0x14, 0x23, 0x20, 0x4a, 0x63, 0x43,
  0xe2, 0xe6, 0x17, 0x3b, 0x5a, 0x1e, 0x93, 0x41, 0x00, 0x21, 0x1e, 0x4a,
  0xdb, 0x00, 0x1f, 0x2c, 0x06, 0xdd, 0x01, 0x21, 0x3f, 0x2c, 0x03, 0xdd,
  0x02, 0x21, 0x5f, 0x2c, 0x00, 0xdd, 0x03, 0x21, 0xd1, 0x50, 0xdb, 0xe5,
  0x18, 0x4a, 0x00, 0x2c, 0x03, 0xd0, 0x80, 0x23, 0x1b, 0x1b, 0x9b, 0x00,
  0xca, 0xe6, 0x14, 0x60, 0xd2, 0xe5, 0xc0, 0x46, 0x94, 0x05, 0x00, 0x03,
  0x34, 0x04, 0x00, 0x03, 0xff, 0xf0, 0x00, 0x00, 0xf7, 0xff, 0x00, 0x00,
  0x80, 0x2a, 0x00, 0x02, 0x90, 0x00, 0x00, 0x04, 0x94, 0x00, 0x00, 0x04,
  0x98, 0x00, 0x00, 0x04, 0x9c, 0x00, 0x00, 0x04, 0x70, 0x00, 0x00, 0x04,
  0x00, 0x03, 0x00, 0x03, 0x00, 0x02, 0x00, 0x03, 0x00, 0x01, 0x00, 0x03,
  0x00, 0x2b, 0x00, 0x02, 0x50, 0x05, 0x00, 0x03, 0x88, 0x06, 0x00, 0x03,
  0x51, 0x05, 0x00, 0x03, 0x84, 0x05, 0x00, 0x03, 0x38, 0x05, 0x00, 0x03,
  0x18, 0x03, 0x00, 0x03, 0x8c, 0x05, 0x00, 0x03, 0x26, 0x4b, 0x1b, 0x68,
  0x10, 0xb5, 0x00, 0x2b, 0x25, 0xd0, 0x09, 0x20, 0xff, 0xf7, 0x68, 0xfb,
  0x01, 0x00, 0x09, 0x20, 0xff, 0xf7, 0x64, 0xfd, 0x08, 0x20, 0xff, 0xf7,
  0x61, 0xfb, 0x01, 0x00, 0x08, 0x20, 0xff, 0xf7, 0x5d, 0xfd, 0x0c, 0x20,
  0xff, 0xf7, 0x5a, 0xfb, 0x01, 0x00, 0x0c, 0x20, 0xff, 0xf7, 0x56, 0xfd,
  0x0b, 0x20, 0xff, 0xf7, 0x53, 0xfb, 0x01, 0x00, 0x0b, 0x20, 0xff, 0xf7,
  0x4f, 0xfd, 0x02, 0x20, 0xff, 0xf7, 0x4c, 0xfb, 0x01, 0x00, 0x02, 0x20,
  0xff, 0xf7, 0x48, 0xfd, 0x10, 0xbc, 0x01, 0xbc, 0x00, 0x47, 0x05, 0x20,
  0xff, 0xf7, 0x42, 0xfb, 0x01, 0x00, 0x05, 0x20, 0xff, 0xf7, 0x3e, 0xfd,
  0x13, 0x20, 0xff, 0xf7, 0x3b, 0xfb, 0x01, 0x00, 0x13, 0x20, 0xff, 0xf7,
  0x37, 0xfd, 0x12, 0x20, 0xff, 0xf7, 0x34, 0xfb, 0x01, 0x00, 0x12, 0x20,
  0xff, 0xf7, 0x30, 0xfd, 0x01, 0x20, 0xff, 0xf7, 0x2d, 0xfb, 0x01, 0x00,
  0x01, 0x20, 0xff, 0xf7, 0x29, 0xfd, 0x04, 0x4a, 0x04, 0x49, 0x53, 0x68,
  0x0b, 0x40, 0x53, 0x60, 0xda, 0xe7, 0xc0, 0x46, 0x94, 0x05, 0x00, 0x03,
  0x34, 0x04, 0x00, 0x03, 0xf8, 0xff, 0x00, 0x00, 0x08, 0x4b, 0x10, 0xb5,
  0x82, 0x00, 0x99, 0x50, 0x04, 0x00, 0xff, 0xf7, 0x15, 0xfb, 0x01, 0x00,
  0x20, 0x00, 0xff, 0xf7, 0x11, 0xfd, 0x01, 0x22, 0x03, 0x4b, 0x1a, 0x60,
  0x10, 0xbc, 0x01, 0xbc, 0x00, 0x47, 0xc0, 0x46, 0x88, 0x06, 0x00, 0x03,
  0xe0, 0x53, 0x00, 0x03, 0x40, 0x4b, 0x1b, 0x68, 0xf7, 0xb5, 0x04, 0x00,
  0x0e, 0x00, 0x00, 0x25, 0x98, 0x42, 0x03, 0xd0, 0x02, 0x35, 0xa8, 0x42,
  0x00, 0xd0, 0x03, 0x3d, 0x93, 0x10, 0x00, 0x93, 0x3a, 0x4b, 0x01, 0x93,
  0x1f, 0x5d, 0x6b, 0x1c, 0x45, 0xd0, 0x00, 0x9b, 0x00, 0x2b, 0x45, 0xd0,
  0x20, 0x00, 0xff, 0xf7, 0xcb, 0xfa, 0x00, 0x2f, 0x31, 0xd1, 0x02, 0x28,
  0x31, 0xd0, 0x34, 0x4b, 0x2d, 0x01, 0xef, 0x50, 0xb7, 0x42, 0x3c, 0xd0,
  0x00, 0x9b, 0x32, 0x00, 0x0f, 0x2b, 0x00, 0xdd, 0x0f, 0x23, 0x01, 0x99,
  0x2f, 0x4d, 0x0a, 0x55, 0x02, 0x2c, 0x49, 0xd0, 0x1b, 0x03, 0x03, 0x2c,
  0x4d, 0xd0, 0x01, 0x2c, 0x3b, 0xd0, 0x2a, 0x88, 0x13, 0x43, 0x2b, 0x4a,
  0x01, 0x21, 0x13, 0x80, 0x00, 0x20, 0xff, 0xf7, 0x0d, 0xfc, 0x29, 0x4b,
  0x2c, 0x89, 0x1b, 0x68, 0x24, 0x04, 0x28, 0x4f, 0x28, 0x4d, 0x24, 0x0c,
  0x00, 0x2b, 0x1f, 0xd0, 0x08, 0x20, 0xff, 0xf7, 0xc1, 0xfa, 0x01, 0x00,
  0x30, 0x00, 0xff, 0xf7, 0xdf, 0xfb, 0x38, 0x43, 0x20, 0x43, 0x28, 0x80,
  0x11, 0xe0, 0x00, 0x28, 0xd0, 0xd0, 0x1b, 0x4b, 0x2d, 0x01, 0x5a, 0x19,
  0xd1, 0x68, 0x91, 0x60, 0x00, 0x21, 0x51, 0x60, 0x01, 0x22, 0xea, 0x50,
  0xc6, 0xe7, 0x00, 0x9b, 0x00, 0x2b, 0xc3, 0xd1, 0x1a, 0x00, 0xb7, 0x42,
  0xc7, 0xd0, 0xf7, 0xbc, 0x01, 0xbc, 0x00, 0x47, 0x05, 0x20, 0xff, 0xf7,
  0xa1, 0xfa, 0x01, 0x00, 0x30, 0x00, 0xff, 0xf7, 0xbf, 0xfb, 0x07, 0x43,
  0x3c, 0x43, 0x2c, 0x80, 0xf1, 0xe7, 0x2a, 0x8a, 0x13, 0x43, 0x11, 0x4a,
  0x01, 0x21, 0x20, 0x00, 0x13, 0x80, 0xff, 0xf7, 0xd1, 0xfb, 0xe8, 0xe7,
  0x0e, 0x4a, 0xd3, 0x5c, 0x2a, 0x8b, 0x5b, 0x03, 0x13, 0x43, 0x0d, 0x4a,
  0xf2, 0xe7, 0x2a, 0x8d, 0x13, 0x43, 0x0c, 0x4a, 0xee, 0xe7, 0xc0, 0x46,
  0x00, 0x05, 0x00, 0x03, 0x04, 0x03, 0x00, 0x03, 0x3c, 0x06, 0x00, 0x03,
  0x34, 0x04, 0x00, 0x03, 0x62, 0x00, 0x00, 0x04, 0x94, 0x05, 0x00, 0x03,
  0x00, 0x80, 0xff, 0xff, 0x64, 0x00, 0x00, 0x04, 0x68, 0x00, 0x00, 0x04,
  0x70, 0x2a, 0x00, 0x02, 0x72, 0x00, 0x00, 0x04, 0x78, 0x00, 0x00, 0x04,
  0xf0, 0xb5, 0x87, 0xb0, 0x06, 0x00, 0x02, 0x91, 0x00, 0x29, 0x18, 0xd1,
  0x69, 0x4b, 0x1a, 0x78, 0x82, 0x42, 0x01, 0xd1, 0x68, 0x4a, 0x11, 0x60,
  0x5b, 0x78, 0xb3, 0x42, 0x02, 0xd1, 0x00, 0x22, 0x65, 0x4b, 0x5a, 0x60,
  0x00, 0x21, 0x30, 0x00, 0xff, 0xf7, 0xae, 0xfa, 0x00, 0x22, 0x31, 0x00,
  0x10, 0x00, 0xff, 0xf7, 0x4b, 0xff, 0x00, 0x22, 0x31, 0x00, 0x01, 0x20,
  0x45, 0xe0, 0x00, 0x22, 0x02, 0x99, 0xff, 0xf7, 0xc3, 0xfa, 0x00, 0x23,
  0x5c, 0x4d, 0x01, 0x24, 0x2f, 0x00, 0x05, 0x90, 0x04, 0x93, 0x64, 0x42,
  0x05, 0x9b, 0x04, 0x9a, 0x93, 0x42, 0x26, 0xd0, 0x3b, 0x78, 0x01, 0x93,
  0x00, 0x2b, 0x22, 0xd0, 0xbb, 0x78, 0x01, 0x2b, 0x35, 0xd8, 0x3b, 0x79,
  0x01, 0x2b, 0x34, 0xd8, 0x53, 0x4b, 0x1b, 0x68, 0x00, 0x2b, 0x30, 0xd0,
  0x14, 0x22, 0x05, 0x99, 0x51, 0x43, 0x01, 0x22, 0x4e, 0x4b, 0x5b, 0x18,
  0x1a, 0x72, 0x4b, 0x4b, 0x19, 0x78, 0x01, 0x9b, 0x99, 0x42, 0x06, 0xd1,
  0x4c, 0x4b, 0x18, 0x68, 0x00, 0x28, 0x02, 0xd1, 0x02, 0x00, 0xff, 0xf7,
  0x17, 0xff, 0x01, 0x23, 0x00, 0x22, 0x3b, 0x72, 0x44, 0x4b, 0x1a, 0x60,
  0x5a, 0x60, 0x04, 0x9b, 0x01, 0x33, 0x04, 0x93, 0x14, 0x37, 0x08, 0x2b,
  0xce, 0xd1, 0x44, 0x4b, 0x1b, 0x68, 0x01, 0x2b, 0x42, 0xdd, 0x01, 0x24,
  0x42, 0x4b, 0x1c, 0x60, 0x31, 0x00, 0x20, 0x00, 0x02, 0x9a, 0xff, 0xf7,
  0xff, 0xfe, 0x07, 0xb0, 0xf0, 0xbc, 0x01, 0xbc, 0x00, 0x47, 0x05, 0x2b,
  0xe7, 0xd8, 0x3b, 0x79, 0x00, 0x2b, 0xe4, 0xd1, 0x3b, 0x7a, 0x00, 0x2b,
  0xe1, 0xd1, 0x33, 0x4b, 0x01, 0x99, 0x1a, 0x78, 0x91, 0x42, 0x15, 0xd1,
  0x34, 0x4a, 0x12, 0x68, 0x03, 0x92, 0x00, 0x2a, 0x10, 0xd1, 0x2f, 0x4b,
  0x01, 0x32, 0x03, 0x98, 0x1a, 0x60, 0xff, 0xf7, 0xc7, 0xf9, 0x00, 0x28,
  0x04, 0xd0, 0x03, 0x9a, 0x01, 0x99, 0x10, 0x00, 0xff, 0xf7, 0xdc, 0xfe,
  0x00, 0x24, 0x2d, 0x4b, 0x1c, 0x60, 0xc6, 0xe7, 0x5b, 0x78, 0x01, 0x9a,
  0x9a, 0x42, 0xc2, 0xd1, 0x01, 0x24, 0x24, 0x4b, 0x00, 0x20, 0x5c, 0x60,
  0xff, 0xf7, 0xb2, 0xf9, 0x00, 0x28, 0x04, 0xd0, 0x00, 0x22, 0x20, 0x00,
  0x01, 0x99, 0xff, 0xf7, 0xc7, 0xfe, 0x01, 0x24, 0x22, 0x4b, 0xe9, 0xe7,
  0x63, 0x1c, 0xbd, 0xd1, 0x14, 0x22, 0x05, 0x99, 0x51, 0x43, 0x1b, 0x4b,
  0x5b, 0x18, 0x1b, 0x7a, 0x00, 0x2b, 0xba, 0xd1, 0x1a, 0x4a, 0x1d, 0x4b,
  0x12, 0x68, 0x1b, 0x68, 0x00, 0x2a, 0x03, 0xd0, 0x00, 0x2b, 0xb2, 0xd1,
  0x02, 0x9a, 0x65, 0xe7, 0x93, 0x42, 0x03, 0xd0, 0x31, 0x00, 0x00, 0x20,
  0x02, 0x9a, 0xa8, 0xe7, 0x0e, 0x4b, 0x19, 0x78, 0x58, 0x78, 0x7f, 0x23,
  0x2f, 0x00, 0x1a, 0x00, 0xa0, 0x37, 0x2c, 0x78, 0x8c, 0x42, 0x07, 0xd1,
  0x2c, 0x79, 0x00, 0x2c, 0x09, 0xd1, 0xaa, 0x78, 0x81, 0x42, 0x06, 0xd1,
  0xab, 0x78, 0x04, 0xe0, 0x84, 0x42, 0x02, 0xd1, 0x2c, 0x79, 0x00, 0x2c,
  0xf8, 0xd0, 0x14, 0x35, 0xbd, 0x42, 0xec, 0xd1, 0x93, 0x42, 0xdf, 0xdb,
  0xda, 0xe7, 0xc0, 0x46, 0x04, 0x03, 0x00, 0x03, 0x08, 0x03, 0x00, 0x03,
  0x98, 0x05, 0x00, 0x03, 0xdc, 0x53, 0x00, 0x03, 0x94, 0x05, 0x00, 0x03,
  0x18, 0x03, 0x00, 0x03, 0x00, 0x05, 0x00, 0x03, 0x48, 0x05, 0x00, 0x03,
  0x70, 0xb5, 0x96, 0x22, 0x0d, 0x00, 0x04, 0x00, 0x05, 0x4b, 0x1a, 0x60,
  0xff, 0xf7, 0x0a, 0xfe, 0x2a, 0x00, 0x21, 0x00, 0x00, 0x20, 0xff, 0xf7,
  0x6f, 0xfe, 0x70, 0xbc, 0x01, 0xbc, 0x00, 0x47, 0x94, 0x05, 0x00, 0x03,
  0xf0, 0xb5, 0x05, 0x00, 0x0e, 0x00, 0x85, 0xb0, 0x00, 0x29, 0x12, 0xd1,
  0x2b, 0x4b, 0x9b, 0x78, 0x83, 0x42, 0x01, 0xd1, 0x2a, 0x4b, 0x99, 0x60,
  0x01, 0x21, 0x28, 0x00, 0xff, 0xf7, 0xb8, 0xf9, 0x00, 0x22, 0x29, 0x00,
  0x02, 0x20, 0xff, 0xf7, 0x55, 0xfe, 0x05, 0xb0, 0xf0, 0xbc, 0x01, 0xbc,
  0x00, 0x47, 0x00, 0x23, 0x22, 0x4f, 0x23, 0x4c, 0xbb, 0x60, 0x00, 0x93,
  0x01, 0x93, 0x23, 0x78, 0x03, 0x93, 0x00, 0x2b, 0x12, 0xd0, 0xa3, 0x78,
  0x9a, 0x1e, 0x03, 0x2a, 0x2e, 0xd8, 0x23, 0x79, 0x02, 0x93, 0x01, 0x2b,
  0x0a, 0xd1, 0x02, 0x9b, 0x02, 0x20, 0xbb, 0x60, 0xff, 0xf7, 0x1e, 0xf9,
  0x00, 0x28, 0x03, 0xd0, 0x02, 0x99, 0x03, 0x98, 0xff, 0xf7, 0x92, 0xf9,
  0x01, 0x9b, 0x01, 0x33, 0x01, 0x93, 0x14, 0x34, 0x08, 0x2b, 0xe2, 0xd1,
  0x01, 0x22, 0x31, 0x00, 0x28, 0x00, 0xff, 0xf7, 0xa9, 0xf9, 0x04, 0x00,
  0x02, 0x20, 0xff, 0xf7, 0x09, 0xf9, 0x00, 0x28, 0x07, 0xd0, 0x32, 0x00,
  0x29, 0x00, 0x02, 0x20, 0xff, 0xf7, 0x1e, 0xfe, 0x00, 0x9b, 0x00, 0x2b,
  0xc5, 0xd0, 0x14, 0x23, 0x63, 0x43, 0x08, 0x4a, 0xd3, 0x18, 0x01, 0x22,
  0x1a, 0x72, 0xbe, 0xe7, 0x01, 0x2b, 0xdd, 0xd8, 0x23, 0x79, 0x01, 0x2b,
  0xda, 0xd1, 0x23, 0x72, 0x00, 0x93, 0xd7, 0xe7, 0x04, 0x03, 0x00, 0x03,
  0x08, 0x03, 0x00, 0x03, 0x98, 0x05, 0x00, 0x03, 0xc0, 0x23, 0x49, 0x01,
  0x9b, 0x04, 0xc9, 0x18, 0x09, 0x18, 0x49, 0x00, 0x13, 0x78, 0x00, 0x2b,
  0x00, 0xd1, 0x70, 0x47, 0x20, 0x3b, 0x0b, 0x80, 0x01, 0x32, 0x02, 0x31,
  0xf6, 0xe7, 0xff, 0xff, 0xf8, 0xb5, 0x14, 0x4d, 0x06, 0x00, 0x0c, 0x00,
  0xaa, 0x42, 0x02, 0xdc, 0xd5, 0x43, 0xed, 0x17, 0x15, 0x40, 0x28, 0x00,
  0x00, 0x28, 0x18, 0xd1, 0xc0, 0x23, 0x64, 0x01, 0x9b, 0x04, 0xe4, 0x18,
  0xa4, 0x19, 0x64, 0x00, 0x28, 0x00, 0x0a, 0x21, 0x01, 0xf0, 0x98, 0xf9,
  0x28, 0x00, 0x0e, 0x00, 0x0a, 0x21, 0x01, 0xf0, 0x9d, 0xf9, 0x10, 0x36,
  0x2f, 0x00, 0x26, 0x80, 0x05, 0x00, 0x02, 0x3c, 0x09, 0x2f, 0xef, 0xdc,
  0xf8, 0xbc, 0x01, 0xbc, 0x00, 0x47, 0x0a, 0x21, 0x01, 0x36, 0x01, 0xf0,
  0x8f, 0xf9, 0xdf, 0xe7, 0x0f, 0x27, 0x00, 0x00, 0xf0, 0xb5, 0x69, 0x4b,
  0x93, 0xb0, 0x0b, 0xa8, 0x19, 0x00, 0x02, 0x00, 0x70, 0xc9, 0x70, 0xc2,
  0x70, 0xc9, 0x70, 0xc2, 0x09, 0x68, 0x11, 0x60, 0x1c, 0x33, 0x04, 0xaa,
  0x70, 0xcb, 0x70, 0xc2, 0x32, 0xcb, 0x32, 0xc2, 0x00, 0x21, 0x1b, 0x68,
  0x13, 0x60, 0x60, 0x4b, 0x60, 0x4a, 0x19, 0x80, 0x02, 0x33, 0x93, 0x42,
  0xfb, 0xd1, 0x00, 0x27, 0x04, 0x24, 0x3d, 0x00, 0x5d, 0x4b, 0x1b, 0x68,
  0x02, 0x93, 0x9b, 0x00, 0xc2, 0x58, 0x03, 0x21, 0x00, 0x20, 0xff, 0xf7,
  0x9d, 0xff, 0x5a, 0x4e, 0xb3, 0x68, 0x01, 0x93, 0x00, 0x2b, 0x2e, 0xd1,
  0x58, 0x4b, 0x1a, 0x68, 0xaa, 0x42, 0x00, 0xda, 0x90, 0xe0, 0x01, 0x9a,
  0x1a, 0x60, 0x64, 0x22, 0x55, 0x4b, 0x5a, 0x80, 0x01, 0x34, 0x21, 0x00,
  0x00, 0x20, 0x54, 0x4a, 0xff, 0xf7, 0x88, 0xff, 0x00, 0x2f, 0x00, 0xd1,
  0x8d, 0xe0, 0x3a, 0x00, 0x21, 0x00, 0x0d, 0x20, 0xff, 0xf7, 0x90, 0xff,
  0x21, 0x00, 0x12, 0x20, 0x4e, 0x4a, 0xff, 0xf7, 0x7b, 0xff, 0x4e, 0x4a,
  0x12, 0x68, 0x4e, 0x4b, 0x92, 0x00, 0xd2, 0x58, 0x21, 0x00, 0x17, 0x20,
  0xff, 0xf7, 0x82, 0xff, 0x13, 0x21, 0x00, 0x20, 0x4a, 0x4a, 0xff, 0xf7,
  0x6d, 0xff, 0x13, 0xb0, 0xf0, 0xbc, 0x01, 0xbc, 0x00, 0x47, 0x02, 0x9b,
  0x04, 0xa9, 0x9b, 0x00, 0x5b, 0x58, 0x72, 0x88, 0x45, 0x49, 0x13, 0x42,
  0x05, 0xd0, 0x8a, 0x42, 0x05, 0xd0, 0x8b, 0x42, 0x05, 0xd1, 0x10, 0x36,
  0xbe, 0xe7, 0x8b, 0x42, 0x30, 0xd1, 0x9a, 0x42, 0xf9, 0xd1, 0xa3, 0x01,
  0xc0, 0x22, 0x9c, 0x46, 0x36, 0x4b, 0x18, 0x68, 0xd2, 0x04, 0x00, 0x23,
  0x62, 0x44, 0xa8, 0x42, 0x04, 0xd1, 0x37, 0x4b, 0x30, 0x78, 0x18, 0x60,
  0x64, 0x23, 0x37, 0x79, 0x13, 0x80, 0xf3, 0x68, 0x32, 0x78, 0x34, 0x48,
  0x92, 0x00, 0x00, 0x2b, 0x1e, 0xd0, 0x00, 0x21, 0x80, 0x58, 0x5a, 0x68,
  0x03, 0x92, 0x00, 0x2a, 0x0a, 0xd0, 0x1a, 0x78, 0x94, 0x46, 0x82, 0x42,
  0x11, 0xdd, 0x81, 0x42, 0x0f, 0xdc, 0x21, 0x00, 0x01, 0x20, 0x03, 0x9a,
  0xff, 0xf7, 0x30, 0xff, 0x21, 0x00, 0x0c, 0x20, 0x01, 0x9a, 0xff, 0xf7,
  0x2b, 0xff, 0x01, 0x34, 0x01, 0x35, 0xca, 0xe7, 0x00, 0x2b, 0xcc, 0xd0,
  0xc7, 0xe7, 0x61, 0x46, 0x08, 0x33, 0xe2, 0xe7, 0x83, 0x58, 0xda, 0x0f,
  0xd2, 0x18, 0xc0, 0x23, 0x61, 0x21, 0xa0, 0x01, 0xdb, 0x04, 0x02, 0x30,
  0xc1, 0x52, 0x21, 0x4b, 0xa1, 0x39, 0x63, 0x44, 0x8c, 0x46, 0x52, 0x10,
  0x94, 0x44, 0x6d, 0x21, 0x08, 0x2a, 0x04, 0xd0, 0x0b, 0x39, 0x07, 0x2a,
  0x01, 0xd8, 0x11, 0x00, 0x65, 0x31, 0x08, 0x3a, 0x19, 0x80, 0x02, 0x33,
  0x94, 0x45, 0xf2, 0xd1, 0x63, 0x22, 0x18, 0x4b, 0xc2, 0x52, 0xd1, 0xe7,
  0x00, 0x2a, 0x00, 0xdb, 0x70, 0xe7, 0x6a, 0x1e, 0x1a, 0x60, 0x07, 0x4b,
  0xad, 0x01, 0xed, 0x18, 0x64, 0x23, 0x2b, 0x80, 0x68, 0xe7, 0x21, 0x00,
  0x0d, 0x20, 0x11, 0x4a, 0xff, 0xf7, 0xf2, 0xfe, 0x70, 0xe7, 0xc0, 0x46,
  0x38, 0x25, 0x00, 0x02, 0xc0, 0x00, 0x00, 0x06, 0x00, 0x05, 0x00, 0x06,
  0xe0, 0x4f, 0x00, 0x03, 0x70, 0x51, 0x00, 0x03, 0xdc, 0x4f, 0x00, 0x03,
  0xfe, 0x00, 0x00, 0x06, 0x70, 0x25, 0x00, 0x02, 0x82, 0x25, 0x00, 0x02,
  0xd8, 0x4f, 0x00, 0x03, 0x88, 0x06, 0x00, 0x03, 0x88, 0x25, 0x00, 0x02,
  0xff, 0xff, 0x00, 0x00, 0x04, 0x00, 0x00, 0x06, 0x12, 0x00, 0x00, 0x06,
  0x7e, 0x25, 0x00, 0x02, 0x30, 0xb5, 0x04, 0x00, 0x01, 0x20, 0x07, 0x2c,
  0x18, 0xd8, 0x15, 0x4b, 0xe2, 0x02, 0x9a, 0x18, 0x11, 0x79, 0xca, 0x1e,
  0x50, 0x42, 0x42, 0x41, 0x50, 0x00, 0x12, 0x4a, 0x15, 0x68, 0xa2, 0x00,
  0x01, 0x35, 0x05, 0xd0, 0x10, 0x4d, 0x2d, 0x68, 0xac, 0x42, 0x0a, 0xd1,
  0x04, 0x23, 0x18, 0x43, 0x0e, 0x4b, 0x9b, 0x58, 0x00, 0x2b, 0x01, 0xd0,
  0x10, 0x23, 0x18, 0x43, 0x30, 0xbc, 0x02, 0xbc, 0x08, 0x47, 0x02, 0x20,
  0x03, 0x29, 0xf3, 0xd0, 0x09, 0x49, 0x89, 0x58, 0x20, 0x02, 0x40, 0x18,
  0xc0, 0x00, 0x1b, 0x18, 0x18, 0x79, 0x03, 0x38, 0x43, 0x1e, 0x98, 0x41,
  0xc0, 0x00, 0xe7, 0xe7, 0x88, 0x07, 0x00, 0x03, 0xe8, 0x53, 0x00, 0x03,
  0xe4, 0x53, 0x00, 0x03, 0x90, 0x4f, 0x00, 0x03, 0x0c, 0x05, 0x00, 0x03,
  0x00, 0x23, 0x09, 0x4a, 0x13, 0x60, 0x09, 0x4a, 0x13, 0x60, 0x09, 0x4a,
  0x13, 0x60, 0x09, 0x4a, 0x09, 0x48, 0x13, 0x60, 0x09, 0x49, 0xc2, 0x58,
  0x00, 0x2a, 0x00, 0xd0, 0xff, 0x22, 0xca, 0x50, 0x04, 0x33, 0x20, 0x2b,
  0xf7, 0xd1, 0x70, 0x47, 0xe8, 0x53, 0x00, 0x03, 0x08, 0x05, 0x00, 0x03,
  0x84, 0x06, 0x00, 0x03, 0x80, 0x06, 0x00, 0x03, 0x90, 0x4f, 0x00, 0x03,
  0x0c, 0x05, 0x00, 0x03, 0x0e, 0x4b, 0x1b, 0x68, 0x30, 0xb5, 0x01, 0x33,
  0x15, 0xd0, 0x0d, 0x4b, 0x1d, 0x68, 0x00, 0x2d, 0x11, 0xdb, 0x0c, 0x4a,
  0x13, 0x68, 0xfe, 0x2b, 0x0d, 0xdc, 0x5c, 0x1c, 0x14, 0x60, 0x0a, 0x4a,
  0xdb, 0x00, 0x9d, 0x50, 0x02, 0x25, 0xd3, 0x18, 0x1d, 0x71, 0x58, 0x71,
  0x99, 0x71, 0x03, 0x23, 0xe4, 0x00, 0x12, 0x19, 0x13, 0x71, 0x30, 0xbc,
  0x01, 0xbc, 0x00, 0x47, 0xe4, 0x53, 0x00, 0x03, 0xe8, 0x53, 0x00, 0x03,
  0x88, 0x47, 0x00, 0x03, 0x8c, 0x47, 0x00, 0x03, 0x06, 0x4a, 0x13, 0x68,
  0x59, 0x10, 0x08, 0x78, 0xd9, 0x07, 0x03, 0xd4, 0x00, 0x09, 0x01, 0x33,
  0x13, 0x60, 0x70, 0x47, 0x0f, 0x21, 0x08, 0x40, 0xf9, 0xe7, 0xc0, 0x46,
  0x64, 0x04, 0x00, 0x03, 0x70, 0xb5, 0x0f, 0x4c, 0x22, 0x68, 0x03, 0x00,
  0x01, 0x20, 0x15, 0x00, 0x51, 0x10, 0x81, 0x43, 0x02, 0x30, 0x05, 0x40,
  0x02, 0x42, 0x06, 0xd1, 0x1b, 0x01, 0x01, 0x32, 0x0b, 0x80, 0x22, 0x60,
  0x70, 0xbc, 0x01, 0xbc, 0x00, 0x47, 0x00, 0x26, 0x88, 0x5f, 0x01, 0x2d,
  0x01, 0xd1, 0x03, 0x43, 0xf3, 0xe7, 0x02, 0x2d, 0x01, 0xd1, 0x1b, 0x03,
  0xf9, 0xe7, 0x1b, 0x02, 0xf7, 0xe7, 0xc0, 0x46, 0x68, 0x04, 0x00, 0x03,
  0x00, 0x22, 0xf0, 0xb5, 0xd2, 0x4b, 0xd3, 0x49, 0x8b, 0xb0, 0x8b, 0x42,
  0x0c, 0xd9, 0x00, 0x2a, 0x0d, 0xd0, 0x96, 0x21, 0x00, 0x23, 0x09, 0x02,
  0xc0, 0x20, 0x5a, 0x00, 0xc0, 0x04, 0x13, 0x52, 0x01, 0x33, 0x8b, 0x42,
  0xf8, 0xd1, 0xfe, 0xe7, 0x01, 0xcb, 0x12, 0x18, 0xed, 0xe7, 0xa0, 0x21,
  0x01, 0x20, 0x89, 0x24, 0xc8, 0x4b, 0x19, 0x80, 0xc8, 0x4b, 0x18, 0x80,
  0xc8, 0x4b, 0x20, 0x39, 0x19, 0x80, 0xc8, 0x4b, 0x64, 0x42, 0x1c, 0x80,
  0xf0, 0x24, 0xc7, 0x4b, 0xe4, 0x00, 0x1c, 0x60, 0x1c, 0x61, 0x0f, 0x24,
  0xc5, 0x4e, 0x5a, 0x60, 0x9a, 0x60, 0xda, 0x60, 0xd9, 0x61, 0x9c, 0x61,
  0x1a, 0x62, 0x99, 0x62, 0x5a, 0x62, 0x30, 0x60, 0xc1, 0x4d, 0x2c, 0x78,
  0x00, 0x2c, 0x67, 0xd1, 0x34, 0x60, 0xff, 0xf7, 0x7f, 0xfb, 0x01, 0x22,
  0xbe, 0x4b, 0xbf, 0x4d, 0x1c, 0x60, 0xbf, 0x4e, 0x1c, 0x61, 0x1c, 0x62,
  0x1c, 0x63, 0xbe, 0x4b, 0x2e, 0x60, 0x1a, 0x60, 0x00, 0xf0, 0x8c, 0xff,
  0xbc, 0x4b, 0xbd, 0x4a, 0x1a, 0x80, 0x82, 0x22, 0xbc, 0x4b, 0x1a, 0x80,
  0xbc, 0x4b, 0xbd, 0x4a, 0x1a, 0x80, 0x80, 0x22, 0xbc, 0x4b, 0x1a, 0x80,
  0xbc, 0x4b, 0x01, 0x3a, 0xff, 0x3a, 0x1a, 0x80, 0xbb, 0x4b, 0x45, 0x32,
  0xff, 0x32, 0x1a, 0x80, 0xba, 0x4b, 0xbb, 0x4a, 0xbb, 0x49, 0x13, 0x60,
  0xbb, 0x4a, 0x11, 0x60, 0xbb, 0x4a, 0xbc, 0x49, 0x11, 0x80, 0xbc, 0x4a,
  0x2b, 0x60, 0xbc, 0x4b, 0x16, 0x60, 0x03, 0x93, 0x1a, 0x00, 0x23, 0x00,
  0x01, 0x34, 0x13, 0x70, 0x53, 0x70, 0x93, 0x70, 0x13, 0x72, 0x13, 0x71,
  0x14, 0x32, 0x08, 0x2c, 0xf6, 0xd1, 0x80, 0x21, 0xb5, 0x4a, 0x13, 0x80,
  0xb5, 0x4a, 0x11, 0x80, 0xb5, 0x4a, 0xb6, 0x49, 0x11, 0x60, 0x80, 0x21,
  0x29, 0x3a, 0xff, 0x3a, 0x49, 0x00, 0x11, 0x60, 0xb3, 0x4a, 0x14, 0x80,
  0xb3, 0x4a, 0x13, 0x80, 0xb3, 0x4a, 0x13, 0x80, 0xb3, 0x4b, 0xb4, 0x4a,
  0x1a, 0x60, 0xb4, 0x4a, 0xb4, 0x4b, 0x52, 0x00, 0x1a, 0x60, 0xff, 0xf7,
  0x3d, 0xff, 0x04, 0x1e, 0x1c, 0xd0, 0x08, 0x28, 0x10, 0xdc, 0xff, 0xf7,
  0x37, 0xff, 0x00, 0x25, 0x06, 0x00, 0x30, 0x00, 0x01, 0x35, 0xff, 0xf7,
  0x41, 0xff, 0xac, 0x42, 0xf9, 0xd1, 0xee, 0xe7, 0x69, 0x78, 0x20, 0x00,
  0xff, 0xf7, 0x6a, 0xfb, 0x02, 0x35, 0x8e, 0xe7, 0x00, 0x25, 0x08, 0x3c,
  0xff, 0xf7, 0x24, 0xff, 0x01, 0x35, 0xff, 0xf7, 0x31, 0xff, 0xac, 0x42,
  0xf8, 0xdc, 0xde, 0xe7, 0xa0, 0x23, 0xa3, 0x48, 0xa3, 0x4a, 0xdb, 0x04,
  0xc1, 0x5a, 0x19, 0x80, 0x02, 0x33, 0x93, 0x42, 0xfa, 0xd1, 0x00, 0x21,
  0xa0, 0x4a, 0x08, 0x00, 0xff, 0xf7, 0x60, 0xfd, 0x01, 0x21, 0x00, 0x20,
  0x9e, 0x4a, 0xff, 0xf7, 0x5b, 0xfd, 0xff, 0xf7, 0x95, 0xfd, 0x80, 0x20,
  0x00, 0x21, 0x03, 0x22, 0x9b, 0x4b, 0x9c, 0x4e, 0x05, 0x93, 0x9c, 0x4d,
  0x40, 0x00, 0x9c, 0x4c, 0x1a, 0x71, 0x9a, 0x55, 0x5a, 0x55, 0x1a, 0x55,
  0x9a, 0x4c, 0x1a, 0x55, 0x9a, 0x4c, 0x1a, 0x55, 0x9a, 0x4c, 0x1a, 0x55,
  0x9a, 0x4c, 0x01, 0x31, 0x1a, 0x55, 0x08, 0x33, 0x81, 0x42, 0xee, 0xd1,
  0x98, 0x4b, 0x99, 0x4a, 0x18, 0x78, 0x11, 0x68, 0x98, 0x4a, 0x00, 0x28,
  0x00, 0xd1, 0x51, 0xe1, 0x00, 0x24, 0x1c, 0x70, 0x01, 0x23, 0x11, 0x60,
  0x61, 0x4a, 0x13, 0x80, 0x94, 0x4b, 0x1c, 0x60, 0x20, 0x00, 0x00, 0x21,
  0xff, 0xf7, 0xcc, 0xfb, 0x20, 0x00, 0x00, 0x21, 0xff, 0xf7, 0xc4, 0xfc,
  0x20, 0x00, 0x00, 0x21, 0xff, 0xf7, 0xae, 0xfc, 0x20, 0x00, 0x04, 0x21,
  0xfe, 0xf7, 0x84, 0xfe, 0x21, 0x00, 0x00, 0x22, 0x03, 0x20, 0x01, 0x34,
  0xff, 0xf7, 0x20, 0xfb, 0x80, 0x2c, 0xe7, 0xd1, 0x00, 0xf0, 0xcc, 0xfe,
  0x87, 0x49, 0x88, 0x4b, 0x0a, 0x88, 0x1b, 0x88, 0x9b, 0x1a, 0x1b, 0x04,
  0x1b, 0x0c, 0x82, 0x2b, 0x29, 0xd9, 0x00, 0x26, 0x83, 0x32, 0x0a, 0x80,
  0x52, 0x4d, 0x2b, 0x68, 0x00, 0x2b, 0x1e, 0xd0, 0x6c, 0x68, 0x81, 0x4b,
  0x9c, 0x42, 0x1a, 0xdc, 0x19, 0x20, 0xfe, 0xf7, 0x0b, 0xfe, 0x7f, 0x23,
  0x18, 0x1a, 0x80, 0x23, 0xc0, 0x01, 0x01, 0x30, 0x00, 0x19, 0x5b, 0x02,
  0x98, 0x42, 0x00, 0xdd, 0x18, 0x00, 0x00, 0x24, 0x68, 0x60, 0x79, 0x4b,
  0x1b, 0x68, 0xa3, 0x42, 0x00, 0xd1, 0x53, 0xe2, 0x23, 0x00, 0x02, 0x2c,
  0x00, 0xd1, 0x50, 0xe2, 0x01, 0x34, 0x04, 0x2c, 0xf3, 0xd1, 0x01, 0x36,
  0x10, 0x35, 0x04, 0x2e, 0xd9, 0xd1, 0x72, 0x49, 0x6e, 0x4b, 0x0a, 0x88,
  0x1b, 0x88, 0x71, 0x48, 0x9b, 0x1a, 0x1b, 0x04, 0x1b, 0x0c, 0x83, 0x42,
  0x17, 0xd9, 0x6f, 0x4b, 0xd2, 0x18, 0x0a, 0x80, 0x00, 0x21, 0x03, 0x9b,
  0x9a, 0x78, 0x7e, 0x2a, 0x01, 0xd8, 0x01, 0x32, 0x9a, 0x70, 0x01, 0x31,
  0x14, 0x33, 0x08, 0x29, 0xf6, 0xd1, 0x31, 0x4a, 0x13, 0x68, 0x00, 0x2b,
  0x05, 0xdd, 0x01, 0x3b, 0x13, 0x60, 0x00, 0x2b, 0x01, 0xd1, 0xff, 0xf7,
  0x5d, 0xfa, 0x64, 0x4b, 0x64, 0x49, 0x18, 0x68, 0x5c, 0x4b, 0x0a, 0x68,
  0x1b, 0x88, 0x9b, 0x1a, 0x1b, 0x04, 0x1b, 0x0c, 0x83, 0x42, 0x00, 0xda,
  0xc4, 0xe2, 0x60, 0x4b, 0x1b, 0x68, 0x12, 0x18, 0x0a, 0x60, 0x00, 0x93,
  0x01, 0x33, 0x00, 0xd1, 0xbc, 0xe2, 0x00, 0x24, 0x5c, 0x4e, 0x33, 0x68,
  0x01, 0x93, 0x01, 0x9a, 0x23, 0x02, 0x9b, 0x18, 0x43, 0x49, 0xdb, 0x00,
  0xca, 0x18, 0x59, 0x4d, 0x10, 0x79, 0x2d, 0x68, 0x03, 0x28, 0x06, 0xd0,
  0x5b, 0x58, 0x00, 0x99, 0x99, 0x42, 0x02, 0xdb, 0xac, 0x42, 0x00, 0xd0,
  0x22, 0xe2, 0x01, 0x34, 0x04, 0x36, 0x08, 0x2c, 0xe7, 0xd1, 0x00, 0x9b,
  0x51, 0x4c, 0x4e, 0x4a, 0x01, 0x33, 0x13, 0x60, 0x23, 0x68, 0x01, 0x33,
  0x23, 0x60, 0x7f, 0x2b, 0x00, 0xdc, 0x85, 0xe2, 0x01, 0x22, 0x00, 0x20,
  0x4c, 0x4b, 0x4d, 0x49, 0x1a, 0x60, 0x0b, 0x68, 0x9b, 0x18, 0x4c, 0x4a,
  0xd6, 0x6f, 0x20, 0x60, 0xb3, 0x42, 0x00, 0xdb, 0x6c, 0xe2, 0x0b, 0x60,
  0x01, 0x35, 0x00, 0xd0, 0x79, 0xe2, 0x85, 0xe2, 0xe0, 0x00, 0x00, 0x02,
  0xe0, 0x37, 0x00, 0x02, 0x00, 0x02, 0x00, 0x04, 0x08, 0x02, 0x00, 0x04,
  0x84, 0x00, 0x00, 0x04, 0x80, 0x00, 0x00, 0x04, 0x34, 0x04, 0x00, 0x03,
  0x94, 0x05, 0x00, 0x03, 0x40, 0x2b, 0x00, 0x02, 0x3c, 0x06, 0x00, 0x03,
  0xac, 0x03, 0x00, 0x03, 0x2c, 0x03, 0x00, 0x03, 0x28, 0x03, 0x00, 0x03,
  0x82, 0x00, 0x00, 0x04, 0x0e, 0xf0, 0xff, 0xff, 0x02, 0x01, 0x00, 0x04,
  0x04, 0x01, 0x00, 0x04, 0x06, 0xfd, 0xff, 0xff, 0x06, 0x01, 0x00, 0x04,
  0x08, 0x01, 0x00, 0x04, 0x0a, 0x01, 0x00, 0x04, 0xb0, 0x03, 0x00, 0x03,
  0xc8, 0x00, 0x00, 0x04, 0xa4, 0x00, 0x00, 0x04, 0xcc, 0x00, 0x00, 0x04,
  0xd2, 0x00, 0x00, 0x04, 0x40, 0xb6, 0xff, 0xff, 0x30, 0x04, 0x00, 0x03,
  0x98, 0x05, 0x00, 0x03, 0x34, 0x01, 0x00, 0x04, 0x02, 0x02, 0x00, 0x04,
  0x28, 0x01, 0x00, 0x04, 0x03, 0x60, 0x00, 0x00, 0x08, 0x00, 0x00, 0x04,
  0x10, 0x00, 0x00, 0x04, 0x12, 0x00, 0x00, 0x04, 0x68, 0x04, 0x00, 0x03,
  0x00, 0x00, 0x01, 0x0c, 0xa0, 0x2b, 0x00, 0x02, 0x64, 0x04, 0x00, 0x03,
  0x96, 0x2b, 0x00, 0xfd, 0x20, 0x00, 0x00, 0x05, 0xa3, 0x25, 0x00, 0x02,
  0xc2, 0x25, 0x00, 0x02, 0x88, 0x07, 0x00, 0x03, 0x04, 0x08, 0x00, 0x00,
  0x04, 0x10, 0x00, 0x00, 0x04, 0x18, 0x00, 0x00, 0x04, 0x20, 0x00, 0x00,
  0x04, 0x28, 0x00, 0x00, 0x04, 0x30, 0x00, 0x00, 0x04, 0x38, 0x00, 0x00,
  0xfc, 0x04, 0x00, 0x03, 0xd8, 0x53, 0x00, 0x03, 0xd4, 0x53, 0x00, 0x03,
  0xf8, 0x04, 0x00, 0x03, 0x7c, 0x06, 0x00, 0x03, 0x00, 0x01, 0x00, 0x04,
  0xff, 0xff, 0x00, 0x00, 0x00, 0x05, 0x00, 0x03, 0x38, 0x06, 0x00, 0x03,
  0x1d, 0x05, 0x00, 0x00, 0x1e, 0x05, 0x00, 0x00, 0x8c, 0x05, 0x00, 0x03,
  0x90, 0x05, 0x00, 0x03, 0xe8, 0x53, 0x00, 0x03, 0x0c, 0x05, 0x00, 0x03,
  0xe4, 0x53, 0x00, 0x03, 0x08, 0x05, 0x00, 0x03, 0xec, 0x53, 0x00, 0x03,
  0x80, 0x06, 0x00, 0x03, 0x88, 0x06, 0x00, 0x03, 0x13, 0x68, 0x8b, 0x42,
  0x00, 0xd1, 0xc9, 0xe6, 0xa8, 0x48, 0x19, 0x78, 0x01, 0x33, 0x83, 0x42,
  0x00, 0xd1, 0xa7, 0x4b, 0x13, 0x60, 0xf7, 0x29, 0x00, 0xdd, 0xbf, 0xe6,
  0xa5, 0x4c, 0xef, 0x29, 0x04, 0xdd, 0x00, 0x23, 0xa4, 0x4a, 0x23, 0x60,
  0x13, 0x70, 0xb7, 0xe6, 0x0b, 0x06, 0x1e, 0xd5, 0x00, 0x23, 0x23, 0x60,
  0xa0, 0x4b, 0x19, 0x70, 0x23, 0x68, 0xa0, 0x4a, 0xd1, 0x54, 0x00, 0x2b,
  0x08, 0xd1, 0x11, 0x78, 0x0f, 0x26, 0x0d, 0x00, 0x9d, 0x48, 0x35, 0x40,
  0x01, 0x35, 0xb1, 0x43, 0x05, 0x70, 0x11, 0x70, 0x11, 0x78, 0x10, 0x25,
  0x08, 0x00, 0xa8, 0x43, 0x80, 0x28, 0x1a, 0xd0, 0xb0, 0x29, 0x18, 0xd0,
  0xe0, 0x29, 0x16, 0xd0, 0x00, 0x23, 0x23, 0x60, 0x96, 0xe6, 0x23, 0x68,
  0x00, 0x2b, 0xe1, 0xd1, 0x90, 0x4b, 0x1b, 0x78, 0x00, 0x2b, 0x00, 0xd1,
  0x8e, 0xe6, 0x0f, 0x20, 0x1d, 0x00, 0x8f, 0x4a, 0x05, 0x40, 0x01, 0x35,
  0x15, 0x70, 0x8c, 0x4a, 0x83, 0x43, 0x13, 0x70, 0x01, 0x23, 0x23, 0x60,
  0xd0, 0xe7, 0x01, 0x33, 0x07, 0x2b, 0x19, 0xdc, 0x23, 0x60, 0x80, 0x28,
  0x1b, 0xd1, 0x03, 0x2b, 0x00, 0xd0, 0x79, 0xe6, 0x80, 0x29, 0x02, 0xd1,
  0x00, 0x21, 0x83, 0x4b, 0x99, 0x70, 0x00, 0x23, 0x83, 0x49, 0x23, 0x60,
  0x09, 0x68, 0x54, 0x78, 0x82, 0x4b, 0x8c, 0x42, 0x23, 0xda, 0x90, 0x33,
  0x1b, 0x68, 0x81, 0x4a, 0xe3, 0x18, 0x4c, 0x3b, 0x13, 0x60, 0x65, 0xe6,
  0x00, 0x23, 0x23, 0x60, 0x80, 0x28, 0x00, 0xd1, 0x60, 0xe6, 0xb0, 0x29,
  0x00, 0xd0, 0x99, 0xe0, 0x03, 0x2b, 0x00, 0xd0, 0x5a, 0xe6, 0x76, 0x4b,
  0x51, 0x78, 0x1e, 0x78, 0x7b, 0x29, 0x01, 0xd0, 0x78, 0x29, 0x72, 0xd1,
  0x00, 0x25, 0x70, 0x1e, 0x09, 0x28, 0x55, 0xd8, 0xfe, 0xf7, 0x66, 0xfb,
  0x50, 0x58, 0x5d, 0x62, 0x54, 0x54, 0x54, 0x54, 0x54, 0x67, 0x6d, 0x4b,
  0x18, 0x78, 0x70, 0x4b, 0x1b, 0x68, 0x91, 0x78, 0x01, 0x33, 0x16, 0xd0,
  0x6e, 0x4b, 0x1e, 0x68, 0x00, 0x2e, 0x12, 0xdb, 0x6d, 0x4a, 0x13, 0x68,
  0xfe, 0x2b, 0x0e, 0xdc, 0x5d, 0x1c, 0x15, 0x60, 0x6b, 0x4a, 0xdb, 0x00,
  0x9e, 0x50, 0x01, 0x26, 0xd3, 0x18, 0x1e, 0x71, 0x58, 0x71, 0x9c, 0x71,
  0xd9, 0x71, 0x03, 0x23, 0xed, 0x00, 0x52, 0x19, 0x13, 0x71, 0x01, 0x38,
  0x09, 0x28, 0x00, 0xd9, 0x26, 0xe6, 0xfe, 0xf7, 0x47, 0xfb, 0x0a, 0x00,
  0x0e, 0x00, 0x12, 0x00, 0x16, 0x00, 0x25, 0xfe, 0x25, 0xfe, 0x25, 0xfe,
  0x25, 0xfe, 0x25, 0xfe, 0x21, 0x00, 0x20, 0x00, 0xff, 0xf7, 0xd0, 0xf9,
  0x16, 0xe6, 0x20, 0x00, 0xff, 0xf7, 0xc8, 0xfa, 0x12, 0xe6, 0x20, 0x00,
  0xff, 0xf7, 0xb2, 0xfa, 0x0e, 0xe6, 0x00, 0x29, 0x04, 0xd1, 0x20, 0x00,
  0x04, 0x31, 0xfe, 0xf7, 0x85, 0xfc, 0x07, 0xe6, 0x20, 0x00, 0xfe, 0xf7,
  0x1b, 0xfd, 0x03, 0xe6, 0x0a, 0x00, 0x03, 0x20, 0x21, 0x00, 0xff, 0xf7,
  0x1d, 0xf9, 0xfd, 0xe5, 0x00, 0x21, 0x28, 0x00, 0xff, 0xf7, 0xb2, 0xf9,
  0x01, 0x35, 0x7f, 0x2d, 0xa3, 0xd1, 0x5b, 0xe7, 0x00, 0x21, 0x28, 0x00,
  0xff, 0xf7, 0xa6, 0xfa, 0xf6, 0xe7, 0x00, 0x21, 0x28, 0x00, 0xff, 0xf7,
  0x8f, 0xfa, 0xf1, 0xe7, 0x04, 0x21, 0x28, 0x00, 0xfe, 0xf7, 0x64, 0xfc,
  0xec, 0xe7, 0x00, 0x22, 0x29, 0x00, 0x03, 0x20, 0xff, 0xf7, 0x00, 0xf9,
  0xe6, 0xe7, 0x01, 0x20, 0xb0, 0x40, 0x40, 0x4b, 0x9d, 0x68, 0x00, 0x2d,
  0x00, 0xd1, 0x3f, 0xe7, 0x5d, 0x88, 0x28, 0x42, 0x10, 0xd0, 0x1d, 0x79,
  0x8d, 0x42, 0x0d, 0xd1, 0x1d, 0x78, 0x00, 0x2d, 0x00, 0xd1, 0x35, 0xe7,
  0x96, 0x78, 0x28, 0x00, 0x31, 0x00, 0xff, 0xf7, 0xd3, 0xf8, 0x31, 0x00,
  0x28, 0x00, 0xff, 0xf7, 0x69, 0xfc, 0x2b, 0xe7, 0x10, 0x33, 0xe5, 0xe7,
  0x03, 0x2b, 0x00, 0xd0, 0xc0, 0xe5, 0x95, 0x78, 0x53, 0x78, 0xed, 0x01,
  0xed, 0x18, 0x80, 0x23, 0xdb, 0x01, 0x9d, 0x42, 0x00, 0xdd, 0x1d, 0x00,
  0x24, 0x4b, 0x18, 0x78, 0x01, 0x38, 0xed, 0x11, 0x09, 0x28, 0x00, 0xd9,
  0x16, 0xe7, 0xfe, 0xf7, 0xd1, 0xfa, 0x0a, 0x00, 0x11, 0x00, 0x18, 0x00,
  0x1f, 0x00, 0x15, 0xff, 0x15, 0xff, 0x15, 0xff, 0x15, 0xff, 0x15, 0xff,
  0x26, 0x00, 0x29, 0x00, 0x05, 0x20, 0xff, 0xf7, 0xa9, 0xf8, 0x29, 0x00,
  0x05, 0x20, 0xd4, 0xe7, 0x29, 0x00, 0x06, 0x20, 0xff, 0xf7, 0xa2, 0xf8,
  0x29, 0x00, 0x06, 0x20, 0xcd, 0xe7, 0x29, 0x00, 0x08, 0x20, 0xff, 0xf7,
  0x9b, 0xf8, 0x29, 0x00, 0x08, 0x20, 0xc6, 0xe7, 0x29, 0x00, 0x10, 0x20,
  0xff, 0xf7, 0x94, 0xf8, 0x29, 0x00, 0x10, 0x20, 0xbf, 0xe7, 0x29, 0x00,
  0x07, 0x20, 0xff, 0xf7, 0x8d, 0xf8, 0x29, 0x00, 0x07, 0x20, 0xb8, 0xe7,
  0x00, 0x23, 0xb3, 0x42, 0x00, 0xd0, 0xab, 0xe5, 0x00, 0x21, 0x20, 0x00,
  0xfe, 0xf7, 0xde, 0xfc, 0xa6, 0xe5, 0xc0, 0x46, 0xec, 0x04, 0x00, 0x03,
  0x6c, 0x04, 0x00, 0x03, 0xf8, 0x04, 0x00, 0x03, 0xf4, 0x04, 0x00, 0x03,
  0xec, 0x04, 0x00, 0x03, 0xf3, 0x04, 0x00, 0x03, 0x14, 0x07, 0x00, 0x03,
  0x88, 0x06, 0x00, 0x03, 0x30, 0x05, 0x00, 0x03, 0xe4, 0x53, 0x00, 0x03,
  0xe8, 0x53, 0x00, 0x03, 0x88, 0x47, 0x00, 0x03, 0x8c, 0x47, 0x00, 0x03,
  0x70, 0x51, 0x00, 0x03, 0x01, 0x28, 0x53, 0xd1, 0x93, 0x79, 0xd5, 0x79,
  0x2c, 0x4a, 0x12, 0x68, 0x02, 0x92, 0x07, 0x2c, 0x08, 0xd1, 0x00, 0x2a,
  0x03, 0xd1, 0x2a, 0x49, 0x2a, 0x4a, 0x09, 0x68, 0x11, 0x60, 0x29, 0x4a,
  0x12, 0x68, 0x9b, 0x18, 0x7f, 0x2b, 0x00, 0xd9, 0x00, 0x23, 0x01, 0x98,
  0x21, 0x02, 0x09, 0x18, 0x25, 0x4a, 0xc9, 0x00, 0x52, 0x18, 0x50, 0x79,
  0x01, 0x38, 0x20, 0x4f, 0x09, 0x28, 0x0a, 0xd8, 0xfe, 0xf7, 0x52, 0xfa,
  0x05, 0x0e, 0x13, 0x18, 0x09, 0x09, 0x09, 0x09, 0x09, 0x2e, 0x29, 0x00,
  0x18, 0x00, 0xff, 0xf7, 0xe9, 0xf8, 0x07, 0x2c, 0x1f, 0xd1, 0x00, 0x2d,
  0x1d, 0xd1, 0x11, 0xe0, 0x29, 0x00, 0x18, 0x00, 0xff, 0xf7, 0xdc, 0xf9,
  0xf5, 0xe7, 0x29, 0x00, 0x18, 0x00, 0xff, 0xf7, 0xc5, 0xf9, 0xf0, 0xe7,
  0x00, 0x2d, 0x0c, 0xd1, 0x04, 0x21, 0x18, 0x00, 0xfe, 0xf7, 0x98, 0xfb,
  0x07, 0x2c, 0x0a, 0xd1, 0x02, 0x9b, 0x01, 0x3b, 0x3b, 0x60, 0x01, 0x9b,
  0x01, 0x33, 0x33, 0x60, 0x7f, 0xe5, 0x29, 0x00, 0x18, 0x00, 0xfe, 0xf7,
  0x25, 0xfc, 0x02, 0x9b, 0x01, 0x33, 0xf3, 0xe7, 0x2a, 0x00, 0x19, 0x00,
  0x03, 0x20, 0xff, 0xf7, 0x25, 0xf8, 0xd4, 0xe7, 0x02, 0x28, 0xec, 0xd1,
  0x91, 0x79, 0x50, 0x79, 0xff, 0xf7, 0x08, 0xf8, 0xe7, 0xe7, 0xc0, 0x46,
  0x8c, 0x4f, 0x00, 0x03, 0x30, 0x05, 0x00, 0x03, 0x2c, 0x05, 0x00, 0x03,
  0x88, 0x07, 0x00, 0x03, 0x08, 0x60, 0xc7, 0x49, 0x04, 0x32, 0x0b, 0x68,
  0xd2, 0x6f, 0x01, 0x33, 0x0b, 0x60, 0x93, 0x42, 0x00, 0xda, 0x89, 0xe5,
  0xff, 0xf7, 0x6c, 0xfb, 0x01, 0x35, 0x0f, 0xd0, 0x23, 0x68, 0x00, 0x2b,
  0x0c, 0xd1, 0xc0, 0x4b, 0x1a, 0x68, 0xc0, 0x4b, 0x00, 0x2a, 0x00, 0xd0,
  0x74, 0xe1, 0xbc, 0x4a, 0x12, 0x68, 0x00, 0x2a, 0x00, 0xd0, 0x6d, 0xe1,
  0x20, 0x32, 0x1a, 0x60, 0x00, 0x25, 0xbb, 0x4c, 0xa2, 0x68, 0x00, 0x2a,
  0x00, 0xd1, 0x69, 0xe1, 0xb9, 0x4b, 0xe0, 0x89, 0x1b, 0x88, 0x21, 0x8a,
  0x1b, 0x1a, 0x1b, 0x04, 0x1b, 0x0c, 0x8b, 0x42, 0x22, 0xd3, 0x23, 0x79,
  0x01, 0x33, 0x26, 0x68, 0x1b, 0x06, 0x40, 0x18, 0x1b, 0x0e, 0xe0, 0x81,
  0x23, 0x71, 0x1f, 0x06, 0xb0, 0x1a, 0x00, 0x2f, 0x03, 0xdb, 0x00, 0x20,
  0x40, 0x2b, 0x00, 0xd0, 0x90, 0x19, 0x26, 0x7b, 0x32, 0x00, 0x0d, 0x3a,
  0x20, 0x60, 0x02, 0x2a, 0x05, 0xd8, 0xdb, 0x06, 0x03, 0xd0, 0xc8, 0x23,
  0x5b, 0x00, 0x99, 0x42, 0x06, 0xd9, 0x30, 0x00, 0xfe, 0xf7, 0xce, 0xfa,
  0x01, 0x00, 0x30, 0x00, 0xfe, 0xf7, 0xca, 0xfc, 0x01, 0x35, 0x14, 0x34,
  0x03, 0x2d, 0xcb, 0xd1, 0xa2, 0x4b, 0x1a, 0x68, 0x00, 0x2a, 0x00, 0xd0,
  0x78, 0xe1, 0xa1, 0x4b, 0x1a, 0x60, 0x5a, 0x60, 0x00, 0xf0, 0x66, 0xfb,
  0x9f, 0x4b, 0x1a, 0x68, 0x00, 0x2a, 0x1e, 0xd0, 0x9e, 0x49, 0x9a, 0x4b,
  0x08, 0x68, 0x1b, 0x88, 0x1b, 0x1a, 0x1b, 0x04, 0x1b, 0x0c, 0x9a, 0x42,
  0x15, 0xdc, 0x12, 0x18, 0x0a, 0x60, 0x00, 0x21, 0x03, 0x9a, 0x13, 0x78,
  0x00, 0x2b, 0x0a, 0xd0, 0xd3, 0x78, 0x00, 0x2b, 0x07, 0xd0, 0x53, 0x78,
  0x01, 0x3b, 0x1b, 0x06, 0x1b, 0x0e, 0x53, 0x70, 0x01, 0xd1, 0x13, 0x70,
  0x13, 0x71, 0x01, 0x31, 0x14, 0x32, 0x08, 0x29, 0xed, 0xd1, 0x01, 0x20,
  0x01, 0x00, 0x8f, 0x4b, 0x1a, 0x88, 0x8f, 0x4b, 0x11, 0x40, 0x10, 0x42,
  0x00, 0xd1, 0x9d, 0xe2, 0x1a, 0x68, 0x82, 0x42, 0x00, 0xd1, 0x3f, 0xe4,
  0x18, 0x60, 0x8b, 0x4b, 0x1f, 0x88, 0x8b, 0x4b, 0x00, 0x25, 0x1c, 0x00,
  0x8a, 0x49, 0x3a, 0x00, 0x2a, 0x41, 0x16, 0x00, 0x06, 0x40, 0x02, 0x42,
  0x00, 0xd1, 0x65, 0xe1, 0x00, 0x22, 0x0a, 0x60, 0x1a, 0x60, 0x01, 0x35,
  0x04, 0x31, 0x04, 0x33, 0x0a, 0x2d, 0xf0, 0xd1, 0xa2, 0x68, 0x83, 0x4b,
  0x02, 0x2a, 0x03, 0xd1, 0x1a, 0x68, 0x51, 0x42, 0x4a, 0x41, 0x1a, 0x60,
  0x22, 0x68, 0x1b, 0x68, 0x00, 0x92, 0xa1, 0x69, 0x00, 0x2b, 0x00, 0xd1,
  0x2d, 0xe2, 0x00, 0x20, 0x7c, 0x4e, 0x30, 0x60, 0x02, 0x29, 0x05, 0xd1,
  0x7b, 0x4a, 0x13, 0x68, 0x01, 0x3b, 0x00, 0xd5, 0x57, 0xe1, 0x13, 0x60,
  0xe3, 0x69, 0x02, 0x2b, 0x08, 0xd1, 0x77, 0x4f, 0x3d, 0x68, 0x01, 0x35,
  0x28, 0x00, 0xff, 0xf7, 0x77, 0xfa, 0x01, 0x28, 0x00, 0xd0, 0x3d, 0x60,
  0x63, 0x69, 0x02, 0x2b, 0x02, 0xd0, 0x23, 0x69, 0x02, 0x2b, 0x07, 0xd1,
  0x6f, 0x4b, 0x1b, 0x68, 0x6f, 0x49, 0x9b, 0x00, 0x5a, 0x58, 0x50, 0x42,
  0x42, 0x41, 0x5a, 0x50, 0x00, 0x9b, 0x02, 0x2b, 0x02, 0xd0, 0x63, 0x68,
  0x02, 0x2b, 0x62, 0xd1, 0x6a, 0x4b, 0x1a, 0x68, 0x53, 0x1c, 0x00, 0xd1,
  0x9f, 0xe1, 0x00, 0x24, 0x20, 0x00, 0x00, 0x21, 0xfe, 0xf7, 0xc6, 0xff,
  0x20, 0x00, 0x00, 0x21, 0xff, 0xf7, 0xbe, 0xf8, 0x20, 0x00, 0x00, 0x21,
  0xff, 0xf7, 0xa8, 0xf8, 0x20, 0x00, 0x04, 0x21, 0xfe, 0xf7, 0x7e, 0xfa,
  0x21, 0x00, 0x00, 0x22, 0x03, 0x20, 0x01, 0x34, 0xfe, 0xf7, 0x1a, 0xff,
  0x7f, 0x2c, 0xe7, 0xd1, 0x00, 0x23, 0x5c, 0x4a, 0x13, 0x60, 0x5c, 0x4a,
  0xd2, 0x6f, 0x10, 0x00, 0x5f, 0x3c, 0x20, 0x38, 0x5a, 0x49, 0x00, 0x94,
  0x1f, 0x28, 0x0b, 0xd9, 0x40, 0x20, 0x00, 0x90, 0x10, 0x00, 0x40, 0x38,
  0x1f, 0x28, 0x05, 0xd9, 0x1f, 0x20, 0x60, 0x3a, 0x90, 0x42, 0x5b, 0x41,
  0xdb, 0x01, 0x00, 0x93, 0x53, 0x4b, 0x1b, 0x68, 0x04, 0x93, 0x01, 0x33,
  0x1e, 0xd0, 0x52, 0x4b, 0x1e, 0x68, 0x0b, 0x1d, 0xca, 0x6f, 0xdb, 0x6f,
  0x53, 0x43, 0xdb, 0x01, 0x09, 0x93, 0x04, 0x9b, 0xdc, 0x02, 0x05, 0x9b,
  0xe4, 0x18, 0x00, 0x23, 0x01, 0x93, 0x4c, 0x4b, 0x07, 0x93, 0x01, 0x9b,
  0x9e, 0x42, 0x00, 0xdd, 0xe9, 0xe0, 0xf1, 0x43, 0x04, 0x9b, 0xc9, 0x17,
  0x31, 0x40, 0x1b, 0x02, 0x47, 0x4a, 0x5b, 0x18, 0xdb, 0x00, 0xd2, 0x18,
  0x03, 0x23, 0x13, 0x71, 0x01, 0x22, 0x41, 0x4b, 0x52, 0x42, 0x1a, 0x60,
  0x3b, 0x4b, 0x1a, 0x60, 0x37, 0x4b, 0x02, 0x32, 0x1a, 0x60, 0x00, 0x21,
  0x40, 0x4b, 0x41, 0x4a, 0x19, 0x80, 0x02, 0x33, 0x93, 0x42, 0xfb, 0xd1,
  0x03, 0x21, 0x0a, 0x20, 0x3e, 0x4a, 0xff, 0xf7, 0xc1, 0xf8, 0x04, 0x21,
  0x00, 0x20, 0x3d, 0x4a, 0xff, 0xf7, 0xbc, 0xf8, 0x3c, 0x4a, 0x33, 0x4b,
  0xd4, 0x6f, 0xdb, 0x6f, 0x24, 0x02, 0xe4, 0x18, 0x22, 0x12, 0x04, 0x21,
  0x07, 0x20, 0xff, 0xf7, 0xc1, 0xf8, 0x22, 0x06, 0x04, 0x21, 0x13, 0x20,
  0x12, 0x0e, 0xff, 0xf7, 0xbb, 0xf8, 0x00, 0x24, 0x04, 0x26, 0x20, 0x00,
  0xff, 0xf7, 0xd6, 0xf9, 0x01, 0x28, 0x00, 0xd0, 0x2f, 0xe1, 0x12, 0x4b,
  0x1d, 0x68, 0x12, 0x4b, 0x1b, 0x68, 0x2d, 0x18, 0x1b, 0x18, 0x2d, 0x02,
  0xed, 0x18, 0x2a, 0x12, 0xa1, 0x1d, 0x00, 0x20, 0xff, 0xf7, 0xa6, 0xf8,
  0xa1, 0x1d, 0x03, 0x20, 0x29, 0x4a, 0xff, 0xf7, 0x91, 0xf8, 0x2a, 0x06,
  0xa1, 0x1d, 0x04, 0x20, 0x12, 0x0e, 0xff, 0xf7, 0x9b, 0xf8, 0x13, 0x21,
  0x00, 0x20, 0x25, 0x4a, 0xff, 0xf7, 0x86, 0xf8, 0xff, 0xf7, 0x44, 0xfb,
  0x08, 0x22, 0x90, 0xe6, 0x10, 0x22, 0x8e, 0xe6, 0x22, 0x60, 0xbf, 0xe6,
  0x84, 0x06, 0x00, 0x03, 0x80, 0x06, 0x00, 0x03, 0x04, 0x05, 0x00, 0x03,
  0x50, 0x05, 0x00, 0x03, 0x00, 0x01, 0x00, 0x04, 0xdc, 0x53, 0x00, 0x03,
  0x48, 0x05, 0x00, 0x03, 0x38, 0x05, 0x00, 0x03, 0x34, 0x05, 0x00, 0x03,
  0x04, 0x00, 0x00, 0x04, 0x14, 0x50, 0x00, 0x03, 0x30, 0x01, 0x00, 0x04,
  0xec, 0x4f, 0x00, 0x03, 0xb0, 0x4f, 0x00, 0x03, 0xe8, 0x4f, 0x00, 0x03,
  0xec, 0x53, 0x00, 0x03, 0xe4, 0x4f, 0x00, 0x03, 0x90, 0x4f, 0x00, 0x03,
  0xe8, 0x53, 0x00, 0x03, 0x8c, 0x4f, 0x00, 0x03, 0x90, 0x06, 0x00, 0x03,
  0x88, 0x06, 0x00, 0x03, 0xe4, 0x53, 0x00, 0x03, 0x88, 0x47, 0x00, 0x03,
  0x8c, 0x47, 0x00, 0x03, 0x88, 0x07, 0x00, 0x03, 0xc0, 0x00, 0x00, 0x06,
  0x00, 0x05, 0x00, 0x06, 0xe1, 0x25, 0x00, 0x02, 0xeb, 0x25, 0x00, 0x02,
  0x8c, 0x06, 0x00, 0x03, 0x1f, 0x26, 0x00, 0x02, 0x21, 0x26, 0x00, 0x02,
  0xac, 0x48, 0xad, 0x4b, 0x01, 0x88, 0x1b, 0x88, 0x5b, 0x1a, 0x1b, 0x04,
  0x1b, 0x0c, 0x9a, 0x42, 0x00, 0xdd, 0x7f, 0xe6, 0xa9, 0x4d, 0x89, 0x18,
  0x01, 0x80, 0x00, 0x21, 0x28, 0x68, 0xfe, 0xf7, 0x6d, 0xf9, 0x04, 0x1e,
  0x09, 0xdb, 0x14, 0x21, 0x41, 0x43, 0xa5, 0x4b, 0x5a, 0x18, 0x01, 0x20,
  0x52, 0x78, 0xc9, 0x5c, 0xfe, 0xf7, 0x26, 0xfe, 0x2c, 0x60, 0xa2, 0x4d,
  0x01, 0x21, 0x28, 0x68, 0xfe, 0xf7, 0x5c, 0xf9, 0x04, 0x1e, 0x00, 0xda,
  0x64, 0xe6, 0x14, 0x21, 0x41, 0x43, 0x9c, 0x4b, 0x5a, 0x18, 0x02, 0x20,
  0x52, 0x78, 0xc9, 0x5c, 0xfe, 0xf7, 0x14, 0xfe, 0x2c, 0x60, 0x59, 0xe6,
  0x0a, 0x68, 0x01, 0x32, 0x0a, 0x60, 0x01, 0x2a, 0x01, 0xdc, 0x32, 0x00,
  0x94, 0xe6, 0x02, 0x2a, 0x00, 0xd1, 0x91, 0xe6, 0x16, 0x2a, 0x04, 0xdd,
  0x02, 0x22, 0x1a, 0x60, 0x12, 0x32, 0x0a, 0x60, 0x8b, 0xe6, 0x18, 0x60,
  0x89, 0xe6, 0x10, 0x60, 0xa6, 0xe6, 0x01, 0x21, 0x00, 0x23, 0x49, 0x42,
  0x02, 0x91, 0x07, 0x9a, 0x8c, 0x49, 0x10, 0x79, 0x03, 0x28, 0x04, 0xd0,
  0x10, 0x68, 0x81, 0x42, 0x01, 0xd9, 0x01, 0x00, 0x02, 0x93, 0x01, 0x33,
  0x08, 0x32, 0xb3, 0x42, 0xf3, 0xd1, 0x02, 0x9a, 0x86, 0x4b, 0xd1, 0x00,
  0x5a, 0x18, 0x10, 0x79, 0xcd, 0x58, 0x06, 0x90, 0x01, 0x28, 0x4e, 0xd1,
  0xd3, 0x79, 0x00, 0x2b, 0x4b, 0xd0, 0x28, 0x00, 0x00, 0x99, 0x00, 0xf0,
  0x93, 0xf9, 0x00, 0x9b, 0x5b, 0x10, 0x99, 0x42, 0x01, 0xdd, 0x00, 0x9b,
  0xc9, 0x1a, 0x7d, 0x4b, 0xc8, 0x01, 0x19, 0x68, 0x00, 0xf0, 0x92, 0xf9,
  0x01, 0x9a, 0x07, 0x99, 0x2b, 0x1a, 0x02, 0x9d, 0x08, 0x90, 0xd2, 0x00,
  0x76, 0x48, 0x8a, 0x18, 0xed, 0x00, 0x01, 0x99, 0x45, 0x19, 0x17, 0x79,
  0x01, 0x2f, 0x29, 0xd1, 0xd7, 0x79, 0x00, 0x2f, 0x26, 0xd1, 0x6f, 0x79,
  0xbc, 0x46, 0x57, 0x79, 0xbc, 0x45, 0x21, 0xd1, 0xaf, 0x79, 0xbc, 0x46,
  0x97, 0x79, 0xbc, 0x45, 0x1c, 0xd1, 0xc9, 0x00, 0x42, 0x58, 0x08, 0x9d,
  0x52, 0x1b, 0x42, 0x50, 0x09, 0x9a, 0x93, 0x42, 0x92, 0x41, 0x13, 0x40,
  0x23, 0x60, 0x06, 0x9b, 0x02, 0x9a, 0x23, 0x71, 0x65, 0x4b, 0xd2, 0x00,
  0x9b, 0x18, 0x5a, 0x79, 0x62, 0x71, 0x9a, 0x79, 0xa2, 0x71, 0xda, 0x79,
  0xe2, 0x71, 0x03, 0x22, 0x1a, 0x71, 0x01, 0x9b, 0x01, 0x33, 0x01, 0x93,
  0x08, 0x34, 0xac, 0xe6, 0x01, 0x31, 0x08, 0x32, 0x8e, 0x42, 0xce, 0xd1,
  0xe2, 0xe7, 0x2b, 0x00, 0xe0, 0xe7, 0x00, 0x99, 0x5b, 0x4b, 0x02, 0x29,
  0x05, 0xd1, 0x1a, 0x60, 0xff, 0xf7, 0xee, 0xf8, 0x01, 0x23, 0x33, 0x60,
  0xb3, 0xe6, 0x00, 0x21, 0x57, 0x4a, 0x12, 0x68, 0x1a, 0x60, 0x57, 0x4b,
  0x19, 0x60, 0x52, 0x4b, 0x03, 0x31, 0x19, 0x71, 0x55, 0x4b, 0xd2, 0x02,
  0x9b, 0x18, 0x19, 0x71, 0xec, 0xe7, 0x54, 0x4b, 0xa2, 0x01, 0xd2, 0x18,
  0x4f, 0x4b, 0x1b, 0x68, 0x1b, 0x1b, 0x58, 0x42, 0x43, 0x41, 0x64, 0x21,
  0x5b, 0x42, 0x19, 0x40, 0x11, 0x80, 0x65, 0x1d, 0x67, 0x1c, 0x07, 0x2c,
  0x2f, 0xd0, 0x3a, 0x00, 0x29, 0x00, 0x01, 0x20, 0xfe, 0xf7, 0x6e, 0xff,
  0x20, 0x00, 0xff, 0xf7, 0x8b, 0xf8, 0x80, 0x07, 0x04, 0xd5, 0x29, 0x00,
  0x09, 0x20, 0x47, 0x4a, 0xfe, 0xf7, 0x54, 0xff, 0x20, 0x00, 0xff, 0xf7,
  0x81, 0xf8, 0x30, 0x42, 0x04, 0xd0, 0x29, 0x00, 0x30, 0x00, 0x43, 0x4a,
  0xfe, 0xf7, 0x4a, 0xff, 0x20, 0x00, 0xff, 0xf7, 0x77, 0xf8, 0x00, 0x07,
  0x04, 0xd5, 0x29, 0x00, 0x30, 0x00, 0x3f, 0x4a, 0xfe, 0xf7, 0x40, 0xff,
  0x20, 0x00, 0xff, 0xf7, 0x6d, 0xf8, 0x10, 0x23, 0x18, 0x42, 0x04, 0xd0,
  0x29, 0x00, 0x0f, 0x20, 0x3a, 0x4a, 0xfe, 0xf7, 0x35, 0xff, 0x3c, 0x00,
  0x89, 0xe6, 0x0c, 0x21, 0x02, 0x20, 0x38, 0x4a, 0xfe, 0xf7, 0x2e, 0xff,
  0xce, 0xe7, 0x37, 0x4d, 0x00, 0x9a, 0x2b, 0x60, 0x02, 0x2a, 0x09, 0xd1,
  0x35, 0x48, 0x02, 0x68, 0x01, 0x32, 0x06, 0x2a, 0x00, 0xdc, 0x13, 0x00,
  0x00, 0x22, 0x03, 0x60, 0x32, 0x4b, 0x1a, 0x60, 0x63, 0x68, 0x02, 0x2b,
  0x08, 0xd1, 0x2f, 0x4a, 0x13, 0x68, 0x01, 0x3b, 0x00, 0xd5, 0x06, 0x23,
  0x13, 0x60, 0x00, 0x22, 0x2c, 0x4b, 0x1a, 0x60, 0x02, 0x29, 0x03, 0xd1,
  0x2a, 0x4a, 0x13, 0x68, 0x01, 0x3b, 0x13, 0x60, 0xe3, 0x69, 0x02, 0x2b,
  0x03, 0xd1, 0x27, 0x4a, 0x13, 0x68, 0x01, 0x33, 0x13, 0x60, 0x10, 0x34,
  0x0c, 0xcc, 0x11, 0x00, 0x19, 0x43, 0x11, 0xd0, 0x23, 0x49, 0x08, 0x68,
  0x23, 0x49, 0x84, 0x00, 0x61, 0x58, 0x54, 0x1e, 0xa2, 0x41, 0x89, 0x18,
  0x5a, 0x1e, 0x93, 0x41, 0xc9, 0x1a, 0x7f, 0x29, 0x08, 0xdd, 0x7f, 0x21,
  0xfe, 0xf7, 0xe0, 0xfc, 0x00, 0x23, 0x2b, 0x60, 0xfe, 0xf7, 0x28, 0xff,
  0xff, 0xf7, 0xaa, 0xf9, 0xcb, 0x43, 0xdb, 0x17, 0x19, 0x40, 0xf3, 0xe7,
  0x19, 0x60, 0xff, 0xf7, 0xa3, 0xf9, 0xc0, 0x46, 0x44, 0x05, 0x00, 0x03,
  0x00, 0x01, 0x00, 0x04, 0x40, 0x05, 0x00, 0x03, 0x98, 0x05, 0x00, 0x03,
  0x3c, 0x05, 0x00, 0x03, 0xff, 0xff, 0x00, 0x00, 0x8c, 0x47, 0x00, 0x03,
  0x10, 0x07, 0x00, 0x03, 0xe4, 0x53, 0x00, 0x03, 0xe4, 0x4f, 0x00, 0x03,
  0x88, 0x47, 0x00, 0x03, 0x88, 0x07, 0x00, 0x03, 0x40, 0x01, 0x00, 0x06,
  0x0a, 0x26, 0x00, 0x02, 0x10, 0x26, 0x00, 0x02, 0x14, 0x26, 0x00, 0x02,
  0x19, 0x26, 0x00, 0x02, 0x08, 0x26, 0x00, 0x02, 0xe0, 0x53, 0x00, 0x03,
  0xe0, 0x4f, 0x00, 0x03, 0xdc, 0x4f, 0x00, 0x03, 0xd8, 0x4f, 0x00, 0x03,
  0x88, 0x06, 0x00, 0x03, 0xf0, 0xb5, 0x00, 0x27, 0x21, 0x48, 0x22, 0x4b,
  0x07, 0x80, 0x19, 0x88, 0x80, 0x22, 0x0e, 0x00, 0x16, 0x40, 0x11, 0x42,
  0x1e, 0xd0, 0x1f, 0x4a, 0x12, 0x78, 0x1f, 0x4c, 0x1f, 0x49, 0x12, 0x06,
  0x25, 0x68, 0x12, 0x0e, 0x0f, 0x80, 0xfe, 0x2a, 0x04, 0xd1, 0x1d, 0x4a,
  0x0a, 0x80, 0x80, 0x22, 0x1a, 0x80, 0x24, 0xe0, 0x1b, 0x4e, 0x69, 0x1c,
  0xb1, 0x42, 0x00, 0xd1, 0x1a, 0x49, 0x1b, 0x4e, 0x36, 0x68, 0x8e, 0x42,
  0x03, 0xd1, 0x01, 0x21, 0x19, 0x4a, 0x11, 0x70, 0xef, 0xe7, 0x2a, 0x70,
  0x21, 0x60, 0xec, 0xe7, 0x20, 0x21, 0x1a, 0x88, 0x0a, 0x42, 0x15, 0xd0,
  0x15, 0x4a, 0x16, 0x4d, 0x17, 0x68, 0x2c, 0x68, 0x2f, 0x60, 0x01, 0x25,
  0x14, 0x60, 0x14, 0x4a, 0x15, 0x60, 0x14, 0x4a, 0x16, 0x60, 0x14, 0x4a,
  0x14, 0x60, 0x14, 0x4a, 0x14, 0x4c, 0x14, 0x80, 0x19, 0x80, 0x01, 0x23,
  0x03, 0x80, 0xf0, 0xbc, 0x01, 0xbc, 0x00, 0x47, 0x1a, 0x88, 0xd1, 0xe7,
  0x08, 0x02, 0x00, 0x04, 0x02, 0x02, 0x00, 0x04, 0x20, 0x01, 0x00, 0x04,
  0xd8, 0x53, 0x00, 0x03, 0x2a, 0x01, 0x00, 0x04, 0x4f, 0x57, 0x00, 0x00,
  0xec, 0x04, 0x00, 0x03, 0x6c, 0x04, 0x00, 0x03, 0xd4, 0x53, 0x00, 0x03,
  0xfc, 0x04, 0x00, 0x03, 0x30, 0x04, 0x00, 0x03, 0xac, 0x03, 0x00, 0x03,
  0x28, 0x03, 0x00, 0x03, 0xd0, 0x00, 0x00, 0x04, 0xc8, 0x00, 0x00, 0x04,
  0xd2, 0x00, 0x00, 0x04, 0x40, 0xb6, 0xff, 0xff, 0xff, 0xff, 0xff, 0xff,
  0x78, 0x47, 0xfd, 0xe7, 0x00, 0xc0, 0x9f, 0xe5, 0x1c, 0xff, 0x2f, 0xe1,
  0x01, 0x00, 0x00, 0x03, 0x78, 0x47, 0xfd, 0xe7, 0x74, 0xf7, 0xff, 0xea,
  0x00, 0xc0, 0x9f, 0xe5, 0x1c, 0xff, 0x2f, 0xe1, 0x15, 0x03, 0x00, 0x02,
  0x78, 0x47, 0xfd, 0xe7, 0x23, 0xf7, 0xff, 0xea, 0x00, 0x00, 0x00, 0x00,
  0x6b, 0x28, 0x00, 0x02, 0x78, 0x28, 0x00, 0x02, 0x88, 0x28, 0x00, 0x02,
  0x99, 0x28, 0x00, 0x02, 0xa7, 0x28, 0x00, 0x02, 0xb7, 0x28, 0x00, 0x02,
  0xe1, 0x25, 0x00, 0x02, 0x02, 0x00, 0x00, 0x00, 0x04, 0x00, 0x00, 0x00,
  0x08, 0x00, 0x00, 0x00, 0x10, 0x00, 0x00, 0x00, 0x00, 0x04, 0x00, 0x00,
  0xff, 0xff, 0x00, 0x00, 0x00, 0x00, 0x00, 0x00, 0x53, 0x65, 0x6c, 0x65,
  0x63, 0x74, 0x65, 0x64, 0x20, 0x43, 0x43, 0x3a, 0x20, 0x00, 0x6e, 0x2f,
  0x61, 0x00, 0x56, 0x61, 0x6c, 0x3a, 0x20, 0x00, 0x41, 0x2f, 0x42, 0x3d,
  0x50, 0x52, 0x45, 0x56, 0x2f, 0x4e, 0x45, 0x58, 0x54, 0x20, 0x50, 0x41,
  0x47, 0x45, 0x20, 0x53, 0x45, 0x4c, 0x3d, 0x53, 0x45, 0x51, 0x00, 0x20,
  0x20, 0x20, 0x20, 0x47, 0x42, 0x41, 0x4d, 0x49, 0x44, 0x49, 0x32, 0x20,
  0x42, 0x59, 0x20, 0x57, 0x4f, 0x5a, 0x2e, 0x4c, 0x4f, 0x4c, 0x20, 0x20,
  0x76, 0x30, 0x2e, 0x31, 0x20, 0x00, 0x20, 0x20, 0x20, 0x20, 0x56, 0x69,
  0x61, 0x20, 0x53, 0x50, 0x52, 0x49, 0x54, 0x45, 0x53, 0x4d, 0x4f, 0x44,
  0x53, 0x2e, 0x43, 0x4f, 0x4d, 0x20, 0x20, 0x20, 0x20, 0x20, 0x20, 0x20,
  0x00, 0x53, 0x45, 0x51, 0x55, 0x45, 0x4e, 0x43, 0x45, 0x52, 0x00, 0x52,
  0x61, 0x6e, 0x67, 0x65, 0x3a, 0x20, 0x20, 0x20, 0x20, 0x6d, 0x65, 0x61,
  0x73, 0x20, 0x6f, 0x66, 0x20, 0x20, 0x20, 0x20, 0x20, 0x62, 0x65, 0x61,
  0x74, 0x73, 0x2e, 0x00, 0x42, 0x00, 0x65, 0x6d, 0x70, 0x74, 0x79, 0x00,
  0x52, 0x45, 0x43, 0x00, 0x50, 0x4c, 0x41, 0x59, 0x00, 0x4d, 0x55, 0x54,
  0x45, 0x44, 0x00, 0x2f, 0x00, 0x4c, 0x2f, 0x52, 0x3d, 0x4d, 0x55, 0x54,
  0x45, 0x20, 0x41, 0x3d, 0x50, 0x4c, 0x41, 0x59, 0x20, 0x42, 0x3d, 0x52,
  0x45, 0x43, 0x20, 0x53, 0x45, 0x4c, 0x3d, 0x43, 0x43, 0x53, 0x00, 0x6f,
  0x66, 0x66, 0x00, 0x31, 0x2f, 0x34, 0x20, 0x6d, 0x65, 0x61, 0x73, 0x00,
  0x31, 0x2f, 0x32, 0x20, 0x6d, 0x65, 0x61, 0x73, 0x00, 0x31, 0x20, 0x6d,
  0x65, 0x61, 0x73, 0x00, 0x43, 0x31, 0x20, 0x64, 0x75, 0x74, 0x79, 0x00,
  0x43, 0x33, 0x20, 0x64, 0x75, 0x74, 0x79, 0x00, 0x4e, 0x20, 0x62, 0x69,
  0x74, 0x73, 0x00, 0x43, 0x32, 0x20, 0x73, 0x61, 0x6d, 0x70, 0x00, 0x43,
  0x31, 0x20, 0x70, 0x69, 0x74, 0x63, 0x68, 0x00, 0x43, 0x32, 0x20, 0x70,
  0x69, 0x74, 0x63, 0x68, 0x00, 0x4e, 0x20, 0x70, 0x69, 0x74, 0x63, 0x68,
  0x00, 0x43, 0x33, 0x20, 0x70, 0x69, 0x74, 0x63, 0x68, 0x00, 0x53, 0x77,
  0x20, 0x76, 0x61, 0x6c, 0x00, 0x53, 0x77, 0x20, 0x73, 0x70, 0x64, 0x00,
  0x53, 0x77, 0x20, 0x6c, 0x65, 0x6e, 0x00, 0x53, 0x77, 0x20, 0x65, 0x6e,
  0x76, 0x00, 0x43, 0x34, 0x20, 0x73, 0x71, 0x00, 0x43, 0x34, 0x20, 0x64,
  0x75, 0x74, 0x79, 0x00, 0x43, 0x34, 0x20, 0x73, 0x61, 0x77, 0x00, 0x43,
  0x34, 0x20, 0x70, 0x69, 0x74, 0x63, 0x68, 0x00, 0x71, 0x75, 0x69, 0x63,
  0x6b, 0x70, 0x72, 0x65, 0x73, 0x73, 0x00, 0x6c, 0x65, 0x67, 0x61, 0x74,
  0x6f, 0x00, 0x61, 0x6c, 0x77, 0x61, 0x79, 0x73, 0x00, 0x74, 0x72, 0x69,
  0x61, 0x6e, 0x67, 0x6c, 0x65, 0x00, 0x32, 0x78, 0x73, 0x71, 0x75, 0x61,
  0x72, 0x65, 0x00, 0x73, 0x71, 0x20, 0x67, 0x6c, 0x74, 0x63, 0x68, 0x00,
  0x68, 0x61, 0x72, 0x6d, 0x6f, 0x6e, 0x00, 0x73, 0x71, 0x75, 0x61, 0x20,
  0x61, 0x6c, 0x74, 0x00, 0x72, 0x61, 0x6e, 0x64, 0x6f, 0x6d, 0x00, 0x31,
  0x32, 0x2e, 0x35, 0x25, 0x00, 0x32, 0x35, 0x25, 0x00, 0x35, 0x30, 0x25,
  0x00, 0x31, 0x31, 0x2d, 0x62, 0x69, 0x74, 0x00, 0x37, 0x2d, 0x62, 0x69,
  0x74, 0x00, 0x41, 0x72, 0x70, 0x20, 0x73, 0x70, 0x65, 0x65, 0x64, 0x00,
  0x53, 0x77, 0x20, 0x73, 0x74, 0x65, 0x70, 0x00, 0x53, 0x71, 0x20, 0x70,
  0x63, 0x74, 0x00, 0x4c, 0x46, 0x53, 0x52, 0x20, 0x6c, 0x65, 0x6e, 0x00,
  0x44, 0x75, 0x74, 0x79, 0x20, 0x63, 0x79, 0x63, 0x6c, 0x65, 0x00, 0x53,
  0x61, 0x6d, 0x70, 0x6c, 0x65, 0x20, 0x74, 0x79, 0x70, 0x65, 0x00, 0x53,
  0x71, 0x20, 0x64, 0x75, 0x74, 0x79, 0x00, 0x53, 0x77, 0x20, 0x73, 0x70,
  0x65, 0x65, 0x64, 0x00, 0x53, 0x61, 0x77, 0x20, 0x77, 0x61, 0x76, 0x65,
  0x20, 0x70, 0x63, 0x74, 0x00, 0x44, 0x65, 0x63, 0x61, 0x79, 0x20, 0x6c,
  0x65, 0x6e, 0x00, 0x45, 0x6e, 0x76, 0x20, 0x6c, 0x65, 0x6e, 0x00, 0x53,
  0x6e, 0x64, 0x20, 0x6c, 0x65, 0x6e, 0x00, 0x47, 0x6c, 0x69, 0x73, 0x73,
  0x20, 0x6d, 0x6f, 0x64, 0x65, 0x00, 0x47, 0x6c, 0x69, 0x73, 0x73, 0x20,
  0x6c, 0x65, 0x6e, 0x00, 0x4c, 0x46, 0x4f, 0x31, 0x20, 0x74, 0x61, 0x72,
  0x67, 0x65, 0x74, 0x00, 0x4c, 0x46, 0x4f, 0x31, 0x20, 0x72, 0x61, 0x6e,
  0x67, 0x65, 0x00, 0x4c, 0x46, 0x4f, 0x31, 0x20, 0x66, 0x72, 0x65, 0x71,
  0x00, 0x4c, 0x46, 0x4f, 0x32, 0x20, 0x74, 0x61, 0x72, 0x67, 0x65, 0x74,
  0x00, 0x4c, 0x46, 0x4f, 0x32, 0x20, 0x72, 0x61, 0x6e, 0x67, 0x65, 0x00,
  0x4c, 0x46, 0x4f, 0x32, 0x20, 0x66, 0x72, 0x65, 0x71, 0x00, 0x4c, 0x46,
  0x4f, 0x33, 0x20, 0x74, 0x61, 0x72, 0x67, 0x65, 0x74, 0x00, 0x4c, 0x46,
  0x4f, 0x33, 0x20, 0x72, 0x61, 0x6e, 0x67, 0x65, 0x00, 0x4c, 0x46, 0x4f,
  0x33, 0x20, 0x66, 0x72, 0x65, 0x71, 0x00, 0x53, 0x70, 0x65, 0x65, 0x64,
  0x00, 0x42, 0x74, 0x73, 0x2f, 0x6d, 0x65, 0x61, 0x73, 0x00, 0x4d, 0x65,
  0x61, 0x73, 0x75, 0x72, 0x65, 0x73, 0x00, 0x51, 0x75, 0x61, 0x6e, 0x74,
  0x69, 0x7a, 0x65, 0x20, 0x74, 0x6f, 0x00, 0x51, 0x75, 0x61, 0x6e, 0x74,
  0x20, 0x72, 0x61, 0x74, 0x65, 0x00, 0x42, 0x61, 0x73, 0x73, 0x20, 0x73,
  0x70, 0x6c, 0x69, 0x74, 0x00, 0x42, 0x61, 0x73, 0x73, 0x20, 0x6f, 0x66,
  0x66, 0x73, 0x00, 0x4d, 0x49, 0x44, 0x49, 0x20, 0x31, 0x20, 0x28, 0x44,
  0x55, 0x4f, 0x29, 0x00, 0x4d, 0x49, 0x44, 0x49, 0x20, 0x32, 0x20, 0x28,
  0x53, 0x41, 0x4d, 0x50, 0x4c, 0x45, 0x29, 0x00, 0x4d, 0x49, 0x44, 0x49,
  0x20, 0x33, 0x20, 0x28, 0x53, 0x57, 0x45, 0x45, 0x50, 0x45, 0x44, 0x29,
  0x00, 0x4d, 0x49, 0x44, 0x49, 0x20, 0x34, 0x20, 0x28, 0x50, 0x4f, 0x4c,
  0x59, 0x29, 0x00, 0x4d, 0x49, 0x44, 0x49, 0x20, 0x31, 0x30, 0x20, 0x28,
  0x4e, 0x4f, 0x49, 0x53, 0x45, 0x29, 0x00, 0x47, 0x4c, 0x4f, 0x42, 0x41,
  0x4c, 0x00, 0x2c, 0x00, 0x9c, 0x00, 0x06, 0x01, 0x6b, 0x01, 0xc9, 0x01,
  0x23, 0x02, 0x77, 0x02, 0xc6, 0x02, 0x12, 0x03, 0x56, 0x03, 0x9b, 0x03,
  0xda, 0x03, 0x16, 0x04, 0x4e, 0x04, 0x83, 0x04, 0xb5, 0x04, 0xe5, 0x04,
  0x11, 0x05, 0x3b, 0x05, 0x63, 0x05, 0x89, 0x05, 0xac, 0x05, 0xce, 0x05,
  0xed, 0x05, 0x0a, 0x06, 0x27, 0x06, 0x42, 0x06, 0x5b, 0x06, 0x72, 0x06,
  0x89, 0x06, 0x9e, 0x06, 0xb2, 0x06, 0xc4, 0x06, 0xd6, 0x06, 0xe7, 0x06,
  0xf7, 0x06, 0x06, 0x07, 0x14, 0x07, 0x21, 0x07, 0x2d, 0x07, 0x39, 0x07,
  0x44, 0x07, 0x4f, 0x07, 0x59, 0x07, 0x62, 0x07, 0x6b, 0x07, 0x73, 0x07,
  0x7b, 0x07, 0x83, 0x07, 0x8a, 0x07, 0x90, 0x07, 0x97, 0x07, 0x9d, 0x07,
  0xa2, 0x07, 0xa7, 0x07, 0xac, 0x07, 0xb1, 0x07, 0xb6, 0x07, 0xba, 0x07,
  0xbe, 0x07, 0xc1, 0x07, 0xc4, 0x07, 0xc8, 0x07, 0xcb, 0x07, 0xce, 0x07,
  0xd1, 0x07, 0xd4, 0x07, 0xd6, 0x07, 0xd9, 0x07, 0xdb, 0x07, 0xdf, 0x07,
  0x00, 0x00, 0xff, 0xff, 0xfc, 0xcb, 0x82, 0x00, 0x0b, 0x93, 0x8a, 0x00,
  0x80, 0xd0, 0x92, 0x00, 0x64, 0x8b, 0x9b, 0x00, 0x2d, 0xcb, 0xa4, 0x00,
  0xc1, 0x97, 0xae, 0x00, 0x81, 0xf9, 0xb8, 0x00, 0x4a, 0xf9, 0xc3, 0x00,
  0x83, 0xa0, 0xcf, 0x00, 0x1f, 0xf9, 0xdb, 0x00, 0xad, 0x0d, 0xe9, 0x00,
  0x58, 0xe9, 0xf6, 0x00, 0xf7, 0x97, 0x05, 0x01, 0x17, 0x26, 0x15, 0x01,
  0x00, 0xa1, 0x25, 0x01, 0xc8, 0x16, 0x37, 0x01, 0x5a, 0x96, 0x49, 0x01,
  0x83, 0x2f, 0x5d, 0x01, 0x01, 0xf3, 0x71, 0x01, 0x94, 0xf2, 0x87, 0x01,
  0x05, 0x41, 0x9f, 0x01, 0x3f, 0xf2, 0xb7, 0x01, 0x5a, 0x1b, 0xd2, 0x01,
  0xb0, 0xd2, 0xed, 0x01, 0xef, 0x2f, 0x0b, 0x02, 0x2d, 0x4c, 0x2a, 0x02,
  0x00, 0x42, 0x4b, 0x02, 0x90, 0x2d, 0x6e, 0x02, 0xb3, 0x2c, 0x93, 0x02,
  0x05, 0x5f, 0xba, 0x02, 0x03, 0xe6, 0xe3, 0x02, 0x28, 0xe5, 0x0f, 0x03,
  0x0a, 0x82, 0x3e, 0x03, 0x7d, 0xe4, 0x6f, 0x03, 0xb3, 0x36, 0xa4, 0x03,
  0x5f, 0xa5, 0xdb, 0x03, 0xdd, 0x5f, 0x16, 0x04, 0x5b, 0x98, 0x54, 0x04,
  0x00, 0x84, 0x96, 0x04, 0x20, 0x5b, 0xdc, 0x04, 0x66, 0x59, 0x26, 0x05,
  0x0a, 0xbe, 0x74, 0x05, 0x06, 0xcc, 0xc7, 0x05, 0x4f, 0xca, 0x1f, 0x06,
  0x14, 0x04, 0x7d, 0x06, 0xfb, 0xc8, 0xdf, 0x06, 0x66, 0x6d, 0x48, 0x07,
  0xbe, 0x4a, 0xb7, 0x07, 0xba, 0xbf, 0x2c, 0x08, 0xb5, 0x30, 0xa9, 0x08,
  0x00, 0x08, 0x2d, 0x09, 0x41, 0xb6, 0xb8, 0x09, 0xcd, 0xb2, 0x4c, 0x0a,
  0x14, 0x7c, 0xe9, 0x0a, 0x0c, 0x98, 0x8f, 0x0b, 0x9e, 0x94, 0x3f, 0x0c,
  0x28, 0x08, 0xfa, 0x0c, 0xf6, 0x91, 0xbf, 0x0d, 0xcd, 0xda, 0x90, 0x0e,
  0x7c, 0x95, 0x6e, 0x0f, 0x74, 0x7f, 0x59, 0x10, 0x6a, 0x61, 0x52, 0x11,
  0x01, 0x10, 0x5a, 0x12, 0x81, 0x6c, 0x71, 0x13, 0x99, 0x65, 0x99, 0x14,
  0x28, 0xf8, 0xd2, 0x15, 0x17, 0x30, 0x1f, 0x17, 0x3c, 0x29, 0x7f, 0x18,
  0x50, 0x10, 0xf4, 0x19, 0xeb, 0x23, 0x7f, 0x1b, 0x9a, 0xb5, 0x21, 0x1d,
  0xf8, 0x2a, 0xdd, 0x1e, 0x00, 0x00, 0x00, 0x03, 0x03, 0x03, 0x03, 0x02,
  0x02, 0x02, 0x04, 0x04, 0x04, 0x01, 0x01, 0x01, 0xff, 0xff, 0x00, 0x00,
  0xff, 0xff, 0x00, 0x00, 0xff, 0xff, 0x00, 0x00, 0xff, 0xff, 0x00, 0x00,
  0x04, 0x8c, 0xc8, 0x40, 0x04, 0x8c, 0xc8, 0x40, 0x04, 0x8c, 0xc8, 0x40,
  0x04, 0x8c, 0xc8, 0x40, 0x02, 0x46, 0x8a, 0xce, 0x02, 0x46, 0x8a, 0xce,
  0x02, 0x46, 0x8a, 0xce, 0x02, 0x46, 0x8a, 0xce, 0x00, 0x00, 0x88, 0x88,
  0x00, 0x00, 0x88, 0x88, 0x88, 0x88, 0xff, 0xff, 0x88, 0x88, 0xff, 0xff,
  0x88, 0x8f, 0x00, 0x00, 0x88, 0x8f, 0x00, 0x00, 0x88, 0x8f, 0x00, 0x00,
  0x88, 0x8f, 0x00, 0x00, 0xa8, 0x86, 0x86, 0x64, 0x86, 0x64, 0x64, 0x42,
  0x86, 0x64, 0x64, 0x42, 0x64, 0x42, 0x42, 0x20, 0xf8, 0xf8, 0xf8, 0xf8,
  0xf8, 0xf8, 0xf8, 0xf8, 0x80, 0x80, 0x80, 0x80, 0x80, 0x80, 0x80, 0x80,
  0x89, 0x32, 0x74, 0x58, 0x08, 0x23, 0x46, 0x23, 0x17, 0x26, 0x34, 0x69,
  0x52, 0x76, 0x40, 0x10, 0x00, 0x03, 0x06, 0x09, 0x0c, 0x0f, 0x12, 0x15,
  0x18, 0x1c, 0x1f, 0x22, 0x25, 0x28, 0x2b, 0x2e, 0x30, 0x33, 0x36, 0x39,
  0x3c, 0x3f, 0x41, 0x44, 0x47, 0x49, 0x4c, 0x4e, 0x51, 0x53, 0x55, 0x58,
  0x5a, 0x5c, 0x5e, 0x60, 0x62, 0x64, 0x66, 0x68, 0x6a, 0x6c, 0x6d, 0x6f,
  0x70, 0x72, 0x73, 0x75, 0x76, 0x77, 0x78, 0x79, 0x7a, 0x7b, 0x7c, 0x7c,
  0x7d, 0x7e, 0x7e, 0x7f, 0x7f, 0x7f, 0x7f, 0x7f, 0x05, 0x40, 0x06, 0x40,
  0x08, 0x40, 0x07, 0x40, 0x10, 0x40, 0x01, 0x7f, 0x1a, 0x64, 0x03, 0x3c,
  0x04, 0x00, 0x11, 0x7f, 0x12, 0x7f, 0x13, 0x3f, 0x14, 0x20, 0x15, 0x7f,
  0x02, 0x7f, 0x0c, 0x3f, 0x0b, 0x7f, 0x09, 0x00, 0x0a, 0x2c, 0x0d, 0x7f,
  0x0f, 0x00, 0x0e, 0x7f, 0x16, 0x0a, 0x19, 0x40, 0x17, 0x32, 0x18, 0x28,
  0x28, 0x20, 0x29, 0x00, 0x2a, 0x6e, 0x2b, 0x2b, 0x2c, 0x00, 0x2d, 0x4e,
  0x2e, 0x00, 0x2f, 0x00, 0x30, 0x1c, 0x1e, 0x40, 0x1f, 0x04, 0x20, 0x04,
  0x21, 0x40, 0x22, 0x7f, 0x23, 0x00, 0x24, 0x14, 0x00, 0x00, 0x00, 0x00,
  0x00, 0x40, 0x10, 0x00, 0x6b, 0x2d, 0xff, 0x7f, 0x84, 0x84, 0x84, 0x84,
  0x84, 0x84, 0x84, 0x84, 0x84, 0x84, 0x84, 0x54, 0xa0, 0x46, 0x4a, 0x04,
  0x64, 0xa0, 0x48, 0x46, 0x4a, 0x04, 0x84, 0x84, 0x34, 0xc0, 0x40, 0x44,
  0x4c, 0x04, 0x04, 0x84, 0x84, 0x84, 0x84, 0x84, 0x44, 0xc0, 0x40, 0x44,
  0x4c, 0x04, 0x04, 0x44, 0x40, 0xb4, 0x04, 0xd4, 0x04, 0x04, 0x44, 0x40,
  0xb4, 0x04, 0xd4, 0x04, 0x04, 0x44, 0xc0, 0x40, 0x48, 0x47, 0x4a, 0x04,
  0x34, 0xb0, 0x40, 0xa0, 0x44, 0x4c, 0x04, 0x04, 0x34, 0xb0, 0x40, 0xa0,
  0x46, 0x4c, 0x04, 0x04, 0xc4, 0x04, 0x0a, 0x04, 0x64, 0xa0, 0x48, 0x48,
  0x48, 0x43, 0x42, 0x03, 0x4a, 0x04, 0xa4, 0x02, 0x08, 0x4a, 0x04, 0x34,
  0xc0, 0x40, 0x4b, 0x40, 0x42, 0x42, 0x02, 0x4a, 0x04, 0x84, 0x84, 0x44,
  0xa0, 0x43, 0x4c, 0x04, 0x04, 0x74, 0xa0, 0x43, 0x4c, 0x04, 0x04, 0x44,
  0xc0, 0x40, 0x47, 0x4c, 0x04, 0x04, 0x84, 0x84, 0xb4, 0x04, 0xb4, 0x04,
  0x64, 0xa0, 0x43, 0x4a, 0x04, 0x84, 0x84, 0x84, 0x84, 0x84, 0x84, 0xb4,
  0x04, 0x34, 0xa0, 0x46, 0x4a, 0x04, 0x64, 0xa0, 0x48, 0x4b, 0x40, 0x48,
  0x48, 0x48, 0x43, 0x4a, 0x04, 0x84, 0xb4, 0x04, 0x64, 0xa0, 0x46, 0x4a,
  0x04, 0x34, 0xa0, 0x48, 0x48, 0x48, 0x47, 0x42, 0x05, 0x4a, 0x04, 0xb4,
  0x04, 0x34, 0x40, 0x44, 0xa0, 0x4b, 0x40, 0x44, 0x42, 0x08, 0x48, 0x48,
  0x48, 0x4a, 0x04, 0x64, 0xa0, 0x43, 0x44, 0x0b, 0x40, 0x44, 0x4a, 0x04,
  0x64, 0xa0, 0x48, 0x48, 0x48, 0x48, 0x48, 0x48, 0x45, 0x42, 0x07, 0x4a,
  0x04, 0x34, 0xa0, 0x48, 0x48, 0x48, 0x48, 0x48, 0x46, 0x44, 0x08, 0x48,
  0x48, 0x48, 0x48, 0x48, 0x48, 0x48, 0x44, 0x4a, 0x04, 0xb4, 0x04, 0x34,
  0xa0, 0x4b, 0x40, 0x48, 0x48, 0x48, 0x48, 0x4a, 0x04, 0x34, 0xa0, 0x47,
  0x4a, 0x04, 0x34, 0xa0, 0x47, 0x4a, 0x04, 0x84, 0x84, 0x84, 0xa0, 0x43,
  0x4c, 0x04, 0x04, 0x44, 0xc0, 0x40, 0x44, 0x4c, 0x04, 0x04, 0x44, 0xc0,
  0x40, 0x47, 0x4a, 0x04, 0x84, 0x84, 0x64, 0xa0, 0x43, 0x4a, 0x04, 0xb4,
  0x04, 0x64, 0xa0, 0x46, 0x4a, 0x04, 0x64, 0xa0, 0x43, 0x4b, 0x04, 0x0a,
  0x04, 0x84, 0x84, 0x34, 0xa0, 0x4b, 0x40, 0x44, 0x42, 0x07, 0x4a, 0x04,
  0x74, 0xa0, 0x43, 0x4a, 0x04, 0x64, 0x40, 0x84, 0x84, 0x44, 0xa0, 0x4b,
  0x40, 0x44, 0x42, 0x08, 0x4a, 0x04, 0x54, 0xa0, 0x45, 0x42, 0x05, 0x4a,
  0x04, 0xb4, 0x04, 0x84, 0x84, 0x64, 0xa0, 0x43, 0x4a, 0x04, 0xb4, 0x04,
  0x44, 0xc0, 0x40, 0x43, 0x44, 0x07, 0x4a, 0x04, 0x64, 0xa0, 0x48, 0x48,
  0x43, 0x44, 0x05, 0x4a, 0x04, 0x54, 0x20, 0xb4, 0x04, 0x54, 0xa0, 0x45,
  0x42, 0x05, 0x4a, 0x04, 0xb4, 0x04, 0x84, 0x84, 0x34, 0xa0, 0x4b, 0x40,
  0x44, 0x4a, 0x04, 0x64, 0xc0, 0x40, 0x43, 0x43, 0x06, 0x42, 0x05, 0x4a,
  0x04, 0xb4, 0x04, 0x84, 0x84, 0x34, 0x40, 0x64, 0xa0, 0x47, 0x4a, 0x04,
  0x64, 0xa0, 0x43, 0x4a, 0x04, 0x64, 0xa0, 0x48, 0x48, 0x46, 0x4a, 0x04,
  0xb4, 0x04, 0x44, 0x20, 0x54, 0xa0, 0x4b, 0x40, 0x44, 0x42, 0x06, 0x42,
  0x05, 0x4a, 0x04, 0xb4, 0x04, 0x84, 0x84, 0x34, 0xa0, 0x4b, 0x40, 0x44,
  0x42, 0x06, 0x43, 0x04, 0x4c, 0x04, 0x04, 0x64, 0xa0, 0x44, 0x4a, 0x04,
  0xb4, 0x04, 0x84, 0x84, 0x84, 0x34, 0xa0, 0x4b, 0x40, 0x43, 0x4a, 0x04,
  0xb4, 0x04, 0x84, 0x34, 0xa0, 0x4b, 0x40, 0x43, 0x4a, 0x04, 0xb4, 0x04,
  0x84, 0x84, 0x84, 0x54, 0x20, 0x64, 0x20, 0x84, 0x64, 0x20, 0x74, 0xa0,
  0x48, 0x48, 0x48, 0x45, 0x4a, 0x04, 0x74, 0xa0, 0x43, 0x4a, 0x04, 0x84,
  0xb4, 0x04, 0x54, 0xa0, 0x48, 0x48, 0x48, 0x48, 0x44, 0x44, 0x08, 0x44,
  0x44, 0x08, 0x48, 0x48, 0x48, 0x44, 0x4a, 0x04, 0x84, 0xb4, 0x04, 0x54,
  0xa0, 0x47, 0x4a, 0x04, 0x34, 0xa0, 0x48, 0x48, 0x48, 0x4b, 0x40, 0x43,
  0x4c, 0x04, 0x04, 0x64, 0xa0, 0x47, 0x4a, 0x04, 0x84, 0x64, 0xa0, 0x48,
  0x45, 0x42, 0x04, 0x4a, 0x04, 0x34, 0xa0, 0x42, 0x42, 0x02, 0x4a, 0x04,
  0x24, 0xe0, 0x40, 0x40, 0x42, 0x4e, 0x04, 0x04, 0x04, 0x24, 0x20, 0x54,
  0xa0, 0x48, 0x48, 0x46, 0x4a, 0x04, 0xb4, 0x04, 0x44, 0x20, 0x64, 0x20,
  0x54, 0x40, 0x54, 0x20, 0x64, 0x20, 0x84, 0x84, 0x54, 0x20, 0xb4, 0x04,
  0x44, 0x20, 0x54, 0x20, 0xb4, 0x04, 0x44, 0x20, 0x64, 0x20, 0x54, 0x20,
  0xb4, 0x04, 0x84, 0x84, 0x34, 0xa0, 0x4b, 0x40, 0x44, 0x42, 0x06, 0x4a,
  0x04, 0x64, 0xa0, 0x46, 0x42, 0x05, 0x4a, 0x04, 0xb4, 0x04, 0x84, 0x84,
  0x34, 0x20, 0xb4, 0x04, 0x44, 0x20, 0x64, 0x20, 0x64, 0x20, 0x64, 0x20,
  0x54, 0x20, 0xb4, 0x04, 0x84, 0x84, 0x34, 0x40, 0x54, 0xa0, 0x45, 0x42,
  0x0b, 0x40, 0x44, 0x4a, 0x04, 0x64, 0xa0, 0x45, 0x44, 0x08, 0x48, 0x44,
  0x44, 0x05, 0x4a, 0x04, 0x54, 0x20, 0xb4, 0x04, 0x44, 0xa0, 0x46, 0x4a,
  0x04, 0x64, 0xa0, 0x48, 0x48, 0x45, 0x4a, 0x04, 0xb4, 0x04, 0x44, 0x20,
  0x64, 0xa0, 0x46, 0x43, 0x05, 0x42, 0x05, 0x4b, 0x04, 0x0a, 0x04, 0x84,
  0x84, 0x44, 0x20, 0x64, 0x20, 0x54, 0x40, 0x54, 0x20, 0x64, 0x20, 0x64,
  0x20, 0x84, 0x84, 0x54, 0xb0, 0x40, 0xa0, 0x46, 0x4a, 0x04, 0x64, 0xa0,
  0x46, 0x4a, 0x04, 0x64, 0xa0, 0x43, 0x4b, 0x04, 0x0a, 0x04, 0x84, 0x84,
  0x54, 0x20, 0x64, 0xa0, 0x46, 0x4a, 0x04, 0x64, 0xa0, 0x45, 0x42, 0x05,
  0x4a, 0x04, 0xb4, 0x04, 0x84, 0x84, 0x44, 0x20, 0x64, 0xc0, 0x40, 0x43,
  0x42, 0x07, 0x4c, 0x04, 0x04, 0x44, 0xc0, 0x40, 0x44, 0x42, 0x08, 0x48,
  0x46, 0x4a, 0x04, 0x64, 0xa0, 0x46, 0x4a, 0x04, 0x64, 0xa0, 0x46, 0x4a,
  0x04, 0x54, 0x40, 0x84, 0x84, 0x54, 0x20, 0x54, 0x40, 0x44, 0x40, 0x54,
  0x20, 0x64, 0x20, 0x64, 0x20, 0x84, 0x84, 0x64, 0x20, 0x54, 0x30, 0x54,
  0x40, 0x54, 0x30, 0x54, 0x30, 0x54, 0x20, 0x84, 0x84, 0x54, 0xa0, 0x4b,
  0x40, 0x44, 0x42, 0x06, 0x42, 0x06, 0x42, 0x06, 0x42, 0x05, 0x4a, 0x04,
  0xb4, 0x04, 0x84, 0x84, 0x34, 0x20, 0xb4, 0x04, 0x44, 0x20, 0x64, 0x20,
  0x54, 0x20, 0xb4, 0x04, 0x44, 0xa0, 0x46, 0x4a, 0x04, 0x84, 0x84, 0x54,
  0xa0, 0x4b, 0x40, 0x44, 0x42, 0x06, 0x42, 0x05, 0x43, 0x06, 0x43, 0x04,
  0x4a, 0x04, 0xb4, 0x04, 0x84, 0x84, 0x34, 0x20, 0xb4, 0x04, 0x44, 0x20,
  0x64, 0x20, 0x54, 0x20, 0xb4, 0x04, 0x44, 0xc0, 0x40, 0x44, 0x42, 0x08,
  0x48, 0x45, 0x4b, 0x04, 0x0a, 0x04, 0x44, 0xa0, 0x46, 0x4a, 0x04, 0x54,
  0xa0, 0x4b, 0x40, 0x45, 0x4a, 0x04, 0x44, 0x20, 0xb4, 0x04, 0x84, 0x84,
  0x34, 0x40, 0xb4, 0x04, 0x44, 0xa0, 0x46, 0x4a, 0x04, 0x64, 0xa0, 0x46,
  0x4a, 0x04, 0x64, 0xa0, 0x48, 0x48, 0x44, 0x42, 0x06, 0x42, 0x06, 0x42,
  0x06, 0x42, 0x06, 0x42, 0x05, 0x4a, 0x04, 0xb4, 0x04, 0x84, 0x84, 0x44,
  0x20, 0x64, 0x20, 0x64, 0x20, 0x64, 0x20, 0x54, 0xa0, 0x4b, 0x40, 0x43,
  0x4a, 0x04, 0xb4, 0x04, 0x84, 0x84, 0x44, 0x20, 0x64, 0x20, 0x64, 0x20,
  0x54, 0x40, 0x44, 0x40, 0x54, 0x20, 0x84, 0x84, 0x64, 0x20, 0x64, 0x20,
  0x54, 0xa0, 0x4b, 0x40, 0x43, 0x4a, 0x04, 0xb4, 0x04, 0x44, 0x20, 0x64,
  0x20, 0x84, 0x84, 0x64, 0xa0, 0x42, 0x4a, 0x04, 0x24, 0xa0, 0x42, 0x4a,
  0x04, 0xd4, 0x04, 0x04, 0x74, 0xa0, 0x46, 0x4a, 0x04, 0x64, 0xa0, 0x48,
  0x48, 0x43, 0x44, 0x06, 0x4a, 0x04, 0x74, 0xa0, 0x43, 0x4a, 0x04, 0x74,
  0xa0, 0x45, 0x44, 0x08, 0x48, 0x44, 0x4b, 0x04, 0x0a, 0x04, 0x34, 0xa0,
  0x46, 0x4a, 0x04, 0x64, 0xa0, 0x46, 0x4a, 0x04, 0x64, 0xb0, 0x40, 0xa0,
  0x48, 0x48, 0x48, 0x44, 0x4a, 0x04, 0x54, 0xa0, 0x48, 0x4b, 0x40, 0x45,
  0x4a, 0x04, 0x84, 0xb4, 0x04, 0x84, 0x84, 0xc4, 0x04, 0x0a, 0x04, 0x54,
  0xa0, 0x46, 0x4a, 0x04, 0x64, 0xa0, 0x46, 0x4a, 0x04, 0x44, 0xb0, 0x40,
  0xa0, 0x48, 0x48, 0x46, 0x4a, 0x04, 0x34, 0xc0, 0x40, 0x48, 0x48, 0x48,
  0x48, 0x48, 0x48, 0x48, 0x48, 0x48, 0x48, 0x48, 0x48, 0x48, 0x48, 0x44,
  0x4a, 0x04, 0xb4, 0x04, 0x34, 0xa0, 0x48, 0x4b, 0x40, 0x48, 0x48, 0x48,
  0x48, 0x48, 0x48, 0x48, 0x43, 0x4b, 0x04, 0x0a, 0x04, 0x44, 0x20, 0x64,
  0x30, 0x44, 0xc0, 0x40, 0x48, 0x48, 0x45, 0x4a, 0x04, 0x64, 0xa0, 0x45,
  0x42, 0x0b, 0x40, 0x44, 0x42, 0x06, 0x42, 0x05, 0x42, 0x0b, 0x40, 0x48,
  0x48, 0x48, 0x48, 0x43, 0x4b, 0x04, 0x0a, 0x04, 0x44, 0xa0, 0x46, 0x4a,
  0x04, 0x54, 0xb0, 0x40, 0xa0, 0x48, 0x48, 0x45, 0x4a, 0x04, 0x64, 0xa0,
  0x44, 0x4b, 0x04, 0x0a, 0x04, 0x44, 0x20, 0x64, 0x30, 0x44, 0xc0, 0x40,
  0x48, 0x48, 0x48, 0x48, 0x44, 0x4a, 0x04, 0xb4, 0x04, 0x44, 0x30, 0x44,
  0x20, 0x64, 0xb0, 0x40, 0xa0, 0x48, 0x48, 0x46, 0x4a, 0x04, 0x34, 0xc0,
  0x40, 0x44, 0x4a, 0x04, 0x64, 0x20, 0xb4, 0x04, 0x34, 0xa0, 0x46, 0x4a,
  0x04, 0x84, 0x84, 0x84, 0x84, 0x64, 0xb0, 0x40, 0xa0, 0x44, 0x42, 0x05,
  0x4b, 0x04, 0x0a, 0x04, 0x54, 0xa0, 0x48, 0x48, 0x45, 0x4a, 0x04, 0x64,
  0xa0, 0x45, 0x42, 0x0b, 0x40, 0x44, 0x42, 0x06, 0x42, 0x06, 0x42, 0x08,
  0x48, 0x48, 0x4a, 0x04, 0x84, 0x34, 0xa0, 0x4b, 0x40, 0x46, 0x4a, 0x04,
  0x64, 0xa0, 0x43, 0x4b, 0x04, 0x0a, 0x04, 0x84, 0x84, 0x54, 0xa0, 0x48,
  0x46, 0x4a, 0x04, 0x64, 0xa0, 0x46, 0x4a, 0x04, 0x44, 0xc0, 0x40, 0x48,
  0x48, 0x45, 0x4a, 0x04, 0x64, 0xa0, 0x46, 0x42, 0x05, 0x42, 0x0b, 0x40,
  0x44, 0x42, 0x06, 0x42, 0x08, 0x48, 0x45, 0x4a, 0x04, 0xb4, 0x04, 0x64,
  0xa0, 0x46, 0x4a, 0x04, 0x64, 0xa0, 0x46, 0x4a, 0x04, 0x34, 0xb0, 0x40,
  0xa0, 0x48, 0x48, 0x48, 0x48, 0x43, 0x43, 0x06, 0x4e, 0x04, 0x04, 0x04,
  0x24, 0xe0, 0x40, 0x40, 0x42, 0x4a, 0x04, 0x24, 0xa0, 0x48, 0x48, 0x48,
  0x48, 0x42, 0x4c, 0x04, 0x04, 0x34, 0x30, 0x64, 0x20, 0x64, 0x20, 0x84,
  0x84, 0x84, 0x84, 0x54, 0xa0, 0x4b, 0x40, 0x44, 0x42, 0x06, 0x42, 0x05,
  0x4a, 0x04, 0xb4, 0x04, 0x84, 0x84, 0x84, 0x84, 0x34, 0x20, 0xb4, 0x04,
  0x44, 0x20, 0x54, 0x20, 0xb4, 0x04, 0x44, 0xa0, 0x48, 0x48, 0x48, 0x48,
  0x45, 0x4b, 0x04, 0x0a, 0x04, 0x44, 0x20, 0x54, 0xb0, 0x40, 0xa0, 0x45,
  0x4a, 0x04, 0x84, 0x84, 0x84, 0x84, 0x54, 0xc0, 0x40, 0x43, 0x43, 0x06,
  0x4a, 0x04, 0x64, 0xa0, 0x48, 0x48, 0x48, 0x48, 0x45, 0x4b, 0x04, 0x0a,
  0x04, 0x34, 0x20, 0x84, 0x20, 0x44, 0x20, 0xb4, 0x04, 0x84, 0x84, 0x34,
  0xa0, 0x46, 0x4a, 0x04, 0x64, 0x20, 0xb4, 0x04, 0x34, 0xa0, 0x46, 0x4c,
  0x04, 0x04, 0x74, 0xa0, 0x48, 0x48, 0x48, 0x48, 0x44, 0x42, 0x06, 0x42,
  0x06, 0x43, 0x04, 0x4c, 0x04, 0x04, 0x84, 0x84, 0x84, 0x84, 0x44, 0xc0,
  0x40, 0x44, 0x4c, 0x04, 0x04, 0x44, 0xc0, 0x40, 0x47, 0x4a, 0x04, 0x84,
  0x84, 0x84, 0x84, 0x44, 0xa0, 0x42, 0x4a, 0x04, 0x24, 0xe0, 0x40, 0x40,
  0x42, 0x4e, 0x04, 0x04, 0x04, 0xc4, 0x04, 0x0a, 0x04, 0x84, 0x84, 0x84,
  0x84, 0x44, 0x20, 0x54, 0xa0, 0x4b, 0x40, 0x43, 0x4a, 0x04, 0xb4, 0x04,
  0x44, 0x20, 0x84, 0x84, 0x84, 0x84, 0x64, 0x20, 0x64, 0x20, 0x54, 0xb0,
  0x40, 0xa0, 0x45, 0x4a, 0x04, 0x84, 0x84, 0x84, 0x84, 0x44, 0x40, 0x74,
  0xa0, 0x43, 0x4a, 0x04, 0x64, 0x40, 0x84, 0x64, 0x20, 0x44, 0xa0, 0x48,
  0x4b, 0x40, 0x43, 0x42, 0x08, 0x4b, 0x40, 0x43, 0x4a, 0x04, 0x84, 0x20,
  0x84, 0x84, 0x74, 0xa0, 0x46, 0x4a, 0x04, 0x64, 0xa0, 0x46, 0x4a, 0x04,
  0x64, 0xa0, 0x46, 0x4a, 0x04, 0x84, 0x34, 0xa0, 0x4b, 0x40, 0x45, 0x4a,
  0x04, 0x74, 0xa0, 0x45, 0x4a, 0x04, 0xb4, 0x04, 0x44, 0xa0, 0x45, 0x4a,
  0x04, 0x44, 0xa0, 0x4b, 0x40, 0x48, 0x48, 0x43, 0x4c, 0x04, 0x04, 0x54,
  0xc0, 0x40, 0x48, 0x48, 0x48, 0x48, 0x48, 0x48, 0x48, 0x48, 0x48, 0x48,
  0x48, 0x48, 0x48, 0x48, 0x48, 0x48, 0x48, 0x48, 0x48, 0x48, 0x48, 0x47,
  0x4a, 0x04, 0x64, 0xb3, 0x04, 0x34, 0xa0, 0x4b, 0x43, 0x43, 0x4a, 0x04,
  0xb4, 0x34, 0x34, 0xa0, 0x4b, 0x43, 0x46, 0x4a, 0x04, 0x54, 0xa0, 0x48,
  0x48, 0x08, 0x48, 0x48, 0x48, 0x48, 0x48, 0x08, 0x4b, 0x40, 0x45, 0x4a,
  0x04, 0xb4, 0x34, 0x54, 0xb3, 0x04, 0x54, 0xb3, 0x04, 0x54, 0xb3, 0x04,
  0x34, 0xa0, 0x4b, 0x43, 0x43, 0x4b, 0x30, 0x48, 0x45, 0x42, 0x06, 0x42,
  0x0b, 0x40, 0x43, 0x44, 0x04, 0x44, 0x0b, 0x40, 0x4a, 0x40, 0x30, 0x44,
  0x20, 0xb4, 0x04, 0x34, 0x20, 0x84, 0x64, 0x80, 0x84, 0xb4, 0x14, 0x54,
  0x21, 0x74, 0xa1, 0x48, 0x45, 0x48, 0x08, 0x48, 0x08, 0x4a, 0x14, 0x64,
  0x21, 0xb4, 0x14, 0x34, 0xa1, 0x48, 0x46, 0x48, 0x08, 0x48, 0x08, 0x43,
  0x4a, 0x14, 0x34, 0xb1, 0x41, 0xa1, 0x46, 0x4a, 0x14, 0x84, 0x34, 0x80,
  0x84, 0x80, 0x84, 0x24, 0xa1, 0x46, 0x42, 0x1b, 0x41, 0x43, 0x4a, 0x14,
  0x84, 0x44, 0x80, 0x84, 0x80, 0x84, 0x54, 0xa1, 0x43, 0x4b, 0x14, 0x1a,
  0x14, 0x64, 0xa1, 0x48, 0x4a, 0x40, 0x70, 0x84, 0x80, 0x84, 0x44, 0xa1,
  0x46, 0x42, 0x1b, 0x41, 0x43, 0x4a, 0x14, 0x84, 0x24, 0x80, 0x84, 0x80,
  0x84, 0x74, 0xa1, 0x43, 0x4b, 0x14, 0x1a, 0x14, 0x64, 0xa1, 0x47, 0x48,
  0x08, 0x48, 0x08, 0x46, 0x4a, 0x14, 0x64, 0x21, 0x64, 0xa1, 0x48, 0x48,
  0x08, 0x48, 0x08, 0x48, 0x46, 0x4a, 0x14, 0x84, 0x84, 0x80, 0x84, 0x84,
  0x84, 0x84, 0x84, 0x84, 0x84, 0x00, 0xff, 0xff, 0xf0, 0xb5, 0x2f, 0x4b,
  0x1b, 0x68, 0x87, 0xb0, 0x00, 0x2b, 0x51, 0xd0, 0x2d, 0x4b, 0x1b, 0x68,
  0x03, 0x93, 0x2d, 0x4b, 0x1e, 0x68, 0x33, 0x00, 0x80, 0x33, 0x04, 0x93,
  0x2b, 0x4b, 0x05, 0x93, 0x00, 0x25, 0x2f, 0x00, 0x2a, 0x4c, 0x23, 0x79,
  0x04, 0x2b, 0x1d, 0xd1, 0x23, 0x78, 0x02, 0x93, 0x00, 0x2b, 0x19, 0xd0,
  0xa3, 0x68, 0xe2, 0x68, 0x9a, 0x18, 0x01, 0x92, 0xa2, 0x60, 0x93, 0x42,
  0x0a, 0xd9, 0x05, 0x9b, 0x1b, 0x68, 0x10, 0x20, 0x23, 0x61, 0x00, 0xf0,
  0x51, 0xf8, 0x01, 0x00, 0x02, 0x98, 0x00, 0xf0, 0x45, 0xf8, 0xe0, 0x60,
  0x01, 0x9b, 0x22, 0x69, 0x1b, 0x0e, 0xd2, 0x56, 0x63, 0x78, 0x53, 0x43,
  0xdb, 0x11, 0xed, 0x18, 0x01, 0x37, 0x14, 0x34, 0x08, 0x2f, 0xda, 0xd1,
  0x18, 0x4a, 0x13, 0x68, 0x01, 0x33, 0x13, 0x60, 0x03, 0x9a, 0x1a, 0x42,
  0x01, 0xd0, 0x16, 0x4b, 0xed, 0x18, 0x15, 0x4a, 0x7f, 0x23, 0x95, 0x42,
  0x08, 0xdc, 0x14, 0x4b, 0x9d, 0x42, 0x13, 0xdb, 0xfd, 0x3a, 0xeb, 0x17,
  0xff, 0x3a, 0x13, 0x40, 0x5b, 0x19, 0x9b, 0x10, 0x33, 0x70, 0x04, 0x9b,
  0x01, 0x36, 0x9e, 0x42, 0xbc, 0xd1, 0x00, 0x22, 0x05, 0x4b, 0x1a, 0x60,
  0x05, 0x4b, 0x1a, 0x60, 0x07, 0xb0, 0xf0, 0xbc, 0x01, 0xbc, 0x00, 0x47,
  0x80, 0x23, 0x5b, 0x42, 0xee, 0xe7, 0xc0, 0x46, 0x28, 0x03, 0x00, 0x03,
  0x04, 0x05, 0x00, 0x03, 0xac, 0x03, 0x00, 0x03, 0x00, 0x03, 0x00, 0x03,
  0x98, 0x05, 0x00, 0x03, 0xd0, 0x53, 0x00, 0x03, 0xff, 0x01, 0x00, 0x00,
  0xfd, 0xfd, 0xff, 0xff, 0x78, 0x47, 0xfd, 0xe7, 0x00, 0xc0, 0x9f, 0xe5,
  0x1c, 0xff, 0x2f, 0xe1, 0x31, 0x05, 0x00, 0x02, 0x78, 0x47, 0xfd, 0xe7,
  0x00, 0xc0, 0x9f, 0xe5, 0x1c, 0xff, 0x2f, 0xe1, 0xb5, 0x03, 0x00, 0x02,
  0x20, 0x00, 0x00, 0x00, 0x3f, 0x26, 0x00, 0x02, 0x40, 0x00, 0x00, 0x00,
  0x43, 0x26, 0x00, 0x02, 0x60, 0x00, 0x00, 0x00, 0x4c, 0x26, 0x00, 0x02,
  0x80, 0x00, 0x00, 0x00, 0x55, 0x26, 0x00, 0x02, 0x00, 0x00, 0x00, 0x00,
  0x00, 0x00, 0x00, 0x00, 0x08, 0x00, 0x00, 0x00, 0x5c, 0x26, 0x00, 0x02,
  0x10, 0x00, 0x00, 0x00, 0x64, 0x26, 0x00, 0x02, 0x18, 0x00, 0x00, 0x00,
  0x6c, 0x26, 0x00, 0x02, 0x20, 0x00, 0x00, 0x00, 0x73, 0x26, 0x00, 0x02,
  0x28, 0x00, 0x00, 0x00, 0x7b, 0x26, 0x00, 0x02, 0x30, 0x00, 0x00, 0x00,
  0x84, 0x26, 0x00, 0x02, 0x38, 0x00, 0x00, 0x00, 0x8d, 0x26, 0x00, 0x02,
  0x40, 0x00, 0x00, 0x00, 0x95, 0x26, 0x00, 0x02, 0x48, 0x00, 0x00, 0x00,
  0x9e, 0x26, 0x00, 0x02, 0x50, 0x00, 0x00, 0x00, 0xa5, 0x26, 0x00, 0x02,
  0x58, 0x00, 0x00, 0x00, 0xac, 0x26, 0x00, 0x02, 0x60, 0x00, 0x00, 0x00,
  0xb3, 0x26, 0x00, 0x02, 0x68, 0x00, 0x00, 0x00, 0xba, 0x26, 0x00, 0x02,
  0x70, 0x00, 0x00, 0x00, 0xc0, 0x26, 0x00, 0x02, 0x78, 0x00, 0x00, 0x00,
  0xc8, 0x26, 0x00, 0x02, 0x80, 0x00, 0x00, 0x00, 0xcf, 0x26, 0x00, 0x02,
  0x00, 0x00, 0x00, 0x00, 0x00, 0x00, 0x00, 0x00, 0x20, 0x00, 0x00, 0x00,
  0x3f, 0x26, 0x00, 0x02, 0x40, 0x00, 0x00, 0x00, 0xd8, 0x26, 0x00, 0x02,
  0x60, 0x00, 0x00, 0x00, 0xe3, 0x26, 0x00, 0x02, 0x80, 0x00, 0x00, 0x00,
  0xea, 0x26, 0x00, 0x02, 0x00, 0x00, 0x00, 0x00, 0x00, 0x00, 0x00, 0x00,
  0x10, 0x00, 0x00, 0x00, 0xfc, 0x26, 0x00, 0x02, 0x20, 0x00, 0x00, 0x00,
  0xf1, 0x26, 0x00, 0x02, 0x30, 0x00, 0x00, 0x00, 0xcb, 0x26, 0x00, 0x02,
  0x40, 0x00, 0x00, 0x00, 0xfa, 0x26, 0x00, 0x02, 0x50, 0x00, 0x00, 0x00,
  0x03, 0x27, 0x00, 0x02, 0x60, 0x00, 0x00, 0x00, 0x0c, 0x27, 0x00, 0x02,
  0x70, 0x00, 0x00, 0x00, 0x13, 0x27, 0x00, 0x02, 0x80, 0x00, 0x00, 0x00,
  0x1c, 0x27, 0x00, 0x02, 0x00, 0x00, 0x00, 0x00, 0x00, 0x00, 0x00, 0x00,
  0x2b, 0x00, 0x00, 0x00, 0x23, 0x27, 0x00, 0x02, 0x55, 0x00, 0x00, 0x00,
  0x29, 0x27, 0x00, 0x02, 0x80, 0x00, 0x00, 0x00, 0x2d, 0x27, 0x00, 0x02,
  0x00, 0x00, 0x00, 0x00, 0x00, 0x00, 0x00, 0x00, 0x40, 0x00, 0x00, 0x00,
  0x31, 0x27, 0x00, 0x02, 0x80, 0x00, 0x00, 0x00, 0x38, 0x27, 0x00, 0x02,
  0x00, 0x00, 0x00, 0x00, 0x00, 0x00, 0x00, 0x00, 0x1a, 0x00, 0x06, 0x00,
  0x0c, 0x00, 0x00, 0x00, 0x3e, 0x27, 0x00, 0x02, 0x00, 0x00, 0x00, 0x00,
  0x09, 0x00, 0x08, 0x00, 0x0c, 0x00, 0x00, 0x00, 0x48, 0x27, 0x00, 0x02,
  0x00, 0x00, 0x00, 0x00, 0x0d, 0x00, 0x10, 0x00, 0x0c, 0x00, 0x00, 0x00,
  0x50, 0x27, 0x00, 0x02, 0x00, 0x00, 0x00, 0x00, 0x03, 0x00, 0x00, 0x04,
  0x0c, 0x00, 0x00, 0x00, 0x57, 0x27, 0x00, 0x02, 0x58, 0x51, 0x00, 0x03,
  0x01, 0x00, 0x02, 0x00, 0x0d, 0x00, 0x00, 0x00, 0x60, 0x27, 0x00, 0x02,
  0x38, 0x51, 0x00, 0x03, 0x04, 0x00, 0x04, 0x00, 0x0d, 0x00, 0x00, 0x00,
  0x6b, 0x27, 0x00, 0x02, 0xf0, 0x50, 0x00, 0x03, 0x02, 0x00, 0x08, 0x00,
  0x0d, 0x00, 0x00, 0x00, 0x60, 0x27, 0x00, 0x02, 0x38, 0x51, 0x00, 0x03,
  0x0e, 0x00, 0x10, 0x00, 0x0d, 0x00, 0x00, 0x00, 0x77, 0x27, 0x00, 0x02,
  0x00, 0x00, 0x00, 0x00, 0x0a, 0x00, 0x08, 0x00, 0x0e, 0x00, 0x00, 0x00,
  0x7f, 0x27, 0x00, 0x02, 0x00, 0x00, 0x00, 0x00, 0x0f, 0x00, 0x10, 0x00,
  0x0e, 0x00, 0x00, 0x00, 0x88, 0x27, 0x00, 0x02, 0x00, 0x00, 0x00, 0x00,
  0x16, 0x00, 0x10, 0x00, 0x48, 0x00, 0x00, 0x00, 0x95, 0x27, 0x00, 0x02,
  0x00, 0x00, 0x00, 0x00, 0x13, 0x00, 0x02, 0x00, 0x49, 0x00, 0x00, 0x00,
  0x9f, 0x27, 0x00, 0x02, 0x00, 0x00, 0x00, 0x00, 0x0c, 0x00, 0x08, 0x00,
  0x49, 0x00, 0x00, 0x00, 0x9f, 0x27, 0x00, 0x02, 0x00, 0x00, 0x00, 0x00,
  0x14, 0x00, 0x00, 0x04, 0x49, 0x00, 0x00, 0x00, 0x9f, 0x27, 0x00, 0x02,
  0x00, 0x00, 0x00, 0x00, 0x12, 0x00, 0x02, 0x00, 0x4a, 0x00, 0x00, 0x00,
  0xa7, 0x27, 0x00, 0x02, 0x00, 0x00, 0x00, 0x00, 0x11, 0x00, 0x04, 0x00,
  0x4a, 0x00, 0x00, 0x00, 0xa7, 0x27, 0x00, 0x02, 0x00, 0x00, 0x00, 0x00,
  0x0b, 0x00, 0x08, 0x00, 0x4a, 0x00, 0x00, 0x00, 0xa7, 0x27, 0x00, 0x02,
  0x00, 0x00, 0x00, 0x00, 0x15, 0x00, 0x00, 0x04, 0x4a, 0x00, 0x00, 0x00,
  0xa7, 0x27, 0x00, 0x02, 0x00, 0x00, 0x00, 0x00, 0x17, 0x00, 0x02, 0x00,
  0x4b, 0x00, 0x00, 0x00, 0xaf, 0x27, 0x00, 0x02, 0xc8, 0x50, 0x00, 0x03,
  0x18, 0x00, 0x04, 0x00, 0x4b, 0x00, 0x00, 0x00, 0xaf, 0x27, 0x00, 0x02,
  0xc8, 0x50, 0x00, 0x03, 0x19, 0x00, 0x06, 0x00, 0x4c, 0x00, 0x00, 0x00,
  0xba, 0x27, 0x00, 0x02, 0x00, 0x00, 0x00, 0x00, 0x28, 0x00, 0xff, 0xff,
  0x10, 0x00, 0x00, 0x00, 0xc4, 0x27, 0x00, 0x02, 0x40, 0x50, 0x00, 0x03,
  0x29, 0x00, 0xff, 0xff, 0x11, 0x00, 0x00, 0x00, 0xd0, 0x27, 0x00, 0x02,
  0x00, 0x00, 0x00, 0x00, 0x2a, 0x00, 0xff, 0xff, 0x12, 0x00, 0x00, 0x00,
  0xdb, 0x27, 0x00, 0x02, 0x00, 0x00, 0x00, 0x00, 0x2b, 0x00, 0xff, 0xff,
  0x13, 0x00, 0x00, 0x00, 0xe5, 0x27, 0x00, 0x02, 0x40, 0x50, 0x00, 0x03,
  0x2c, 0x00, 0xff, 0xff, 0x14, 0x00, 0x00, 0x00, 0xf1, 0x27, 0x00, 0x02,
  0x00, 0x00, 0x00, 0x00, 0x2d, 0x00, 0xff, 0xff, 0x15, 0x00, 0x00, 0x00,
  0xfc, 0x27, 0x00, 0x02, 0x00, 0x00, 0x00, 0x00, 0x2e, 0x00, 0xff, 0xff,
  0x16, 0x00, 0x00, 0x00, 0x06, 0x28, 0x00, 0x02, 0x40, 0x50, 0x00, 0x03,
  0x2f, 0x00, 0xff, 0xff, 0x17, 0x00, 0x00, 0x00, 0x12, 0x28, 0x00, 0x02,
  0x00, 0x00, 0x00, 0x00, 0x30, 0x00, 0xff, 0xff, 0x18, 0x00, 0x00, 0x00,
  0x1d, 0x28, 0x00, 0x02, 0x00, 0x00, 0x00, 0x00, 0x1e, 0x00, 0x00, 0x00,
  0x00, 0x00, 0x00, 0x00, 0x27, 0x28, 0x00, 0x02, 0x00, 0x00, 0x00, 0x00,
  0x1f, 0x00, 0x00, 0x00, 0x00, 0x00, 0x00, 0x00, 0x2d, 0x28, 0x00, 0x02,
  0x00, 0x00, 0x00, 0x00, 0x20, 0x00, 0x00, 0x00, 0x00, 0x00, 0x00, 0x00,
  0x36, 0x28, 0x00, 0x02, 0x00, 0x00, 0x00, 0x00, 0x21, 0x00, 0x00, 0x00,
  0x00, 0x00, 0x00, 0x00, 0x3f, 0x28, 0x00, 0x02, 0x18, 0x50, 0x00, 0x03,
  0x22, 0x00, 0x00, 0x00, 0x00, 0x00, 0x00, 0x00, 0x4b, 0x28, 0x00, 0x02,
  0x00, 0x00, 0x00, 0x00, 0x23, 0x00, 0x00, 0x00, 0x00, 0x00, 0x00, 0x00,
  0x56, 0x28, 0x00, 0x02, 0x00, 0x00, 0x00, 0x00, 0x24, 0x00, 0x00, 0x00,
  0x00, 0x00, 0x00, 0x00, 0x61, 0x28, 0x00, 0x02, 0x00, 0x00, 0x00, 0x00,
  0x00, 0x00, 0x00, 0x00, 0x00, 0x00, 0x00, 0x00, 0x00, 0x00, 0x00, 0x00,
  0x00, 0x00, 0x00, 0x00, 0xff, 0xff, 0xff, 0xff, 0x6c, 0x04, 0x00, 0x03,
  0x6c, 0x04, 0x00, 0x03, 0x7a, 0x14, 0x00, 0x00, 0x01, 0x00, 0x00, 0x00,
  0xff, 0xff, 0xff, 0xff, 0xff, 0xff, 0xff, 0xff, 0x01, 0x00, 0x00, 0x00
};
constexpr uint32_t GBA_STAGE1_IMAGE_LEN = sizeof(gbaStage1LoaderImage);
constexpr uint32_t GBA_STAGE2_IMAGE_LEN = sizeof(gbaStage2RuntimeImage);
constexpr uint32_t GBA_STAGE1_SEND_LEN = 14UL * 1024UL;
constexpr uint32_t GBA_STAGE2_MAX_SEND_LEN = (256UL * 1024UL) - 16UL;
constexpr uint32_t GBA_STAGE2_MAGIC = 0xFA57B007UL;
constexpr uint32_t GBA_STAGE2_TIMING_MAGIC_BASE = 0xFA57B000UL;
constexpr uint32_t GBA_STAGE2_PRIME_WORD = 0xFA57B000UL;
constexpr uint32_t GBA_STAGE2_TIMEOUT_MS = 1500;
constexpr uint16_t GBA_RUNTIME_PROBE_WORD = 0x00FE;
constexpr uint16_t GBA_RUNTIME_ACK_WORD = 0x574F;  // "WO"
constexpr uint8_t GBA_RUNTIME_PROBE_ATTEMPTS = 3;
constexpr uint32_t GBA_RUNTIME_RETAINED_MAGIC = 0x47424132UL;  // "GBA2"
constexpr uint32_t GBA_RUNTIME_RETAINED_MAGIC_INV = 0xB8BDBECDUL;
constexpr uint32_t USB_HOTPLUG_RETAINED_MAGIC = 0x55534231UL;  // "USB1"
constexpr uint32_t USB_HOTPLUG_RETAINED_MAGIC_INV = 0xAAACBCCEUL;
constexpr uint32_t USB_HOTPLUG_WATCHDOG_MAGIC = 0x55484232UL;  // "UHB2"
constexpr uint32_t USB_HOTPLUG_WATCHDOG_MAGIC_INV = 0xAAB7BDCDUL;

// ---------------- State ----------------
static uint32_t lastAttemptMs = 0;
static bool gbaRuntimeReady = false;
Adafruit_USBD_MIDI usb_midi;
uint32_t retainedGbaRuntimeMagic __attribute__((section(".noinit")));
uint32_t retainedGbaRuntimeMagicInv __attribute__((section(".noinit")));
uint32_t retainedUsbHotplugMagic __attribute__((section(".noinit")));
uint32_t retainedUsbHotplugMagicInv __attribute__((section(".noinit")));
static uint8_t nextBootAttemptProfile = 0;
static uint8_t gbaPinSC = PIN_GBA_SC_FIXED;
static uint8_t gbaPinSD = PIN_GBA_SD_ALT_STAGE1;
static uint8_t gbaPinSI = PIN_GBA_SI_FIXED;
static uint8_t gbaPinSO = PIN_GBA_SO_FIXED;
static bool usbVbusWasPresent = false;
static bool usbVbusRawWasPresent = false;
static uint32_t usbVbusRawChangedMs = 0;
static uint32_t usbVbusChangedMs = 0;
static uint32_t usbRebootCheckMs = 0;
static uint32_t usbArmCheckMs = 0;
static bool usbHotplugArmed = false;
static uint8_t usbThruQueue[USB_THRU_QUEUE_SIZE];
static uint16_t usbThruQueueRead = 0;
static uint16_t usbThruQueueWrite = 0;

struct GbaBootAttemptProfile {
  uint8_t stage1SdPin;
  uint8_t paletteData;
  bool sendHeaderComplete;
};

constexpr GbaBootAttemptProfile GBA_BOOT_ATTEMPT_PROFILES[] = {
  // GPIO4 SD first-stage variants. C1/header-complete can chime without
  // reliably jumping into stage1, so try the tangrs palette byte first.
  {PIN_GBA_SD_ALT_STAGE1, 0x91, true},
  {PIN_GBA_SD_ALT_STAGE1, 0x81, true},
  {PIN_GBA_SD_ALT_STAGE1, 0xC1, true},
};
constexpr uint8_t GBA_BOOT_ATTEMPT_PROFILE_COUNT = sizeof(GBA_BOOT_ATTEMPT_PROFILES) / sizeof(GBA_BOOT_ATTEMPT_PROFILES[0]);

// ---------------- Low-level helpers ----------------
static inline uint32_t pinMask(uint8_t pin) {
  return (1u << pin);
}

static inline void gpioSetHighFast(uint32_t mask) {
  sio_hw->gpio_set = mask;
}

static inline void gpioSetLowFast(uint32_t mask) {
  sio_hw->gpio_clr = mask;
}

static inline void gpioOutEnableFast(uint32_t mask) {
  sio_hw->gpio_oe_set = mask;
}

static inline void gpioOutDisableFast(uint32_t mask) {
  sio_hw->gpio_oe_clr = mask;
}

static inline uint32_t gpioReadAllFast() {
  return sio_hw->gpio_in;
}

static inline void waitCycles(uint32_t cycles) {
  busy_wait_at_least_cycles(cycles);
}

static inline bool timeoutExpired(uint32_t startUs, uint32_t timeoutUs) {
  return static_cast<int32_t>(time_us_32() - startUs) >= static_cast<int32_t>(timeoutUs);
}

void serviceUsbTask() {
#ifdef TINYUSB_NEED_POLLING_TASK
  TinyUSBDevice.task();
#endif
}

void delayWithUsbTask(uint32_t ms) {
  uint32_t start = millis();
  while ((millis() - start) < ms) {
    serviceUsbTask();
    delay(1);
  }
}

bool retainedGbaRuntimeValid() {
  return retainedGbaRuntimeMagic == GBA_RUNTIME_RETAINED_MAGIC &&
         retainedGbaRuntimeMagicInv == GBA_RUNTIME_RETAINED_MAGIC_INV;
}

void markGbaRuntimeLoaded() {
  retainedGbaRuntimeMagic = GBA_RUNTIME_RETAINED_MAGIC;
  retainedGbaRuntimeMagicInv = GBA_RUNTIME_RETAINED_MAGIC_INV;
}

bool retainedUsbHotplugValid() {
  return retainedUsbHotplugMagic == USB_HOTPLUG_RETAINED_MAGIC &&
         retainedUsbHotplugMagicInv == USB_HOTPLUG_RETAINED_MAGIC_INV;
}

void markUsbHotplugTried() {
  retainedUsbHotplugMagic = USB_HOTPLUG_RETAINED_MAGIC;
  retainedUsbHotplugMagicInv = USB_HOTPLUG_RETAINED_MAGIC_INV;
}

void clearUsbHotplugTried() {
  retainedUsbHotplugMagic = 0;
  retainedUsbHotplugMagicInv = 0;
}

bool watchdogUsbHotplugRuntimeValid() {
  return watchdog_hw->scratch[0] == USB_HOTPLUG_WATCHDOG_MAGIC &&
         watchdog_hw->scratch[1] == USB_HOTPLUG_WATCHDOG_MAGIC_INV;
}

void markWatchdogUsbHotplugRuntime() {
  watchdog_hw->scratch[0] = USB_HOTPLUG_WATCHDOG_MAGIC;
  watchdog_hw->scratch[1] = USB_HOTPLUG_WATCHDOG_MAGIC_INV;
}

void clearWatchdogUsbHotplugRuntime() {
  watchdog_hw->scratch[0] = 0;
  watchdog_hw->scratch[1] = 0;
}

bool usbMidiReady() {
  return TinyUSBDevice.mounted() && !TinyUSBDevice.suspended();
}

bool usbVbusDetected() {
  return digitalRead(PIN_USB_VBUS_SENSE) == HIGH;
}

void blinkAttempt() {
  digitalWrite(PIN_STATUS_LED, HIGH);
  delay(20);
  digitalWrite(PIN_STATUS_LED, LOW);
}

void blinkSuccess() {
  for (uint8_t i = 0; i < 3; i++) {
    digitalWrite(PIN_STATUS_LED, HIGH);
    delay(70);
    digitalWrite(PIN_STATUS_LED, LOW);
    delay(70);
  }
}

void selectGbaPins(uint8_t stage1SdPin) {
  // GBC cable profile only: SC=2, SI=3, SD=4.
  pinMode(PIN_GBA_SD_ALT_STAGE1, INPUT);

  gbaPinSC = PIN_GBA_SC_FIXED;
  gbaPinSI = PIN_GBA_SI_FIXED;
  gbaPinSO = PIN_GBA_SO_FIXED;
  gbaPinSD = stage1SdPin;
}

void selectStage2Pins() {
  selectGbaPins(PIN_GBA_SD_ALT_STAGE1);
}

void releaseGbaPins() {
  gpioOutDisableFast(pinMask(PIN_GBA_SC_FIXED) | pinMask(PIN_GBA_SI_FIXED) | pinMask(PIN_GBA_SO_FIXED));
  gpio_disable_pulls(PIN_GBA_SC_FIXED);
  gpio_disable_pulls(PIN_GBA_SI_FIXED);
  gpio_disable_pulls(PIN_GBA_SO_FIXED);
  pinMode(PIN_GBA_SC_FIXED, INPUT);
  pinMode(PIN_GBA_SI_FIXED, INPUT);
  pinMode(PIN_GBA_SO_FIXED, INPUT);
}

void gbaSerInitPins() {
  pinMode(gbaPinSC, INPUT_PULLUP);
  pinMode(gbaPinSD, INPUT_PULLUP);
  pinMode(gbaPinSO, INPUT_PULLUP);
  pinMode(gbaPinSI, OUTPUT);
  digitalWrite(gbaPinSI, HIGH);
}

uint16_t gbaSerRxWord() {
  const uint32_t scMask = pinMask(gbaPinSC);
  const uint32_t sdMask = pinMask(gbaPinSD);
  const uint32_t siMask = pinMask(gbaPinSI);

  uint16_t ret = 0;
  // SD input with pull-up enabled.
  gpioOutDisableFast(sdMask);
  gpio_pull_up(gbaPinSD);

  waitCycles(GBA_CHAR_CYCLES);

  // Tell GBA we want a word by lowering SI.
  gpioSetLowFast(siMask);

  // Wait for start bit.
  uint32_t startWaitUs = time_us_32();
  do {
    while (gpioReadAllFast() & sdMask) {
      if (timeoutExpired(startWaitUs, GBA_WORD_TIMEOUT_US)) {
        gpioOutEnableFast(scMask);
        gpioSetHighFast(scMask);
        gpioSetHighFast(siMask);
        return 0xFFFF;
      }
    }
    waitCycles(GBA_CHAR_CYCLES / 2);
  } while (gpioReadAllFast() & sdMask);

  waitCycles(GBA_CHAR_CYCLES);  // start bit

  for (uint8_t x = 0; x < 16; x++) {
    ret >>= 1;
    if (gpioReadAllFast() & sdMask) {
      ret |= 0x8000;
    }
    waitCycles(GBA_CHAR_CYCLES);
  }

  waitCycles(GBA_CHAR_CYCLES);  // stop bit

  // Done receiving.
  gpioSetHighFast(siMask);
  gpioOutEnableFast(scMask);
  gpioSetHighFast(scMask);

  return ret;
}

void gbaSerTxWord(uint16_t data) {
  const uint32_t scMask = pinMask(gbaPinSC);
  const uint32_t sdMask = pinMask(gbaPinSD);
  const uint32_t siMask = pinMask(gbaPinSI);

  // SD and SC input with pull-ups.
  gpioOutDisableFast(sdMask);
  gpioOutDisableFast(scMask);
  gpio_pull_up(gbaPinSD);
  gpio_pull_up(gbaPinSC);

  // Tell GBA we're sending.
  gpioSetHighFast(siMask);

  // Wait for SD and SC high.
  uint32_t startWaitUs = time_us_32();
  while ((gpioReadAllFast() & (scMask | sdMask)) != (scMask | sdMask)) {
    waitCycles(GBA_CHAR_CYCLES / 2);
    if (timeoutExpired(startWaitUs, GBA_WORD_TIMEOUT_US)) {
      return;
    }
  }

  // Wait 8 bit-times, then drive SD and SC low.
  waitCycles(GBA_CHAR_CYCLES * 8);
  gpioOutEnableFast(scMask | sdMask);
  gpioSetLowFast(scMask | sdMask);

  waitCycles(GBA_CHAR_CYCLES);  // start bit

  for (uint8_t x = 0; x < 16; x++) {
    if (data & 1U) {
      gpioSetHighFast(sdMask);
    } else {
      gpioSetLowFast(sdMask);
    }
    waitCycles(GBA_CHAR_CYCLES);
    data >>= 1;
  }

  gpioSetHighFast(sdMask);
  waitCycles(GBA_CHAR_CYCLES);  // stop bit
}

uint16_t gbaSerXferWord(uint16_t data) {
  noInterrupts();
  gbaSerTxWord(data);
  uint16_t r = gbaSerRxWord();
  interrupts();
  return r;
}

bool gbaRuntimeProbe() {
  selectStage2Pins();
  gbaSerInitPins();

  for (uint8_t attempt = 0; attempt < GBA_RUNTIME_PROBE_ATTEMPTS; attempt++) {
    const uint16_t first = gbaSerXferWord(GBA_RUNTIME_PROBE_WORD);
    const uint16_t second = gbaSerXferWord(GBA_RUNTIME_PROBE_WORD);
    if (first == GBA_RUNTIME_ACK_WORD || second == GBA_RUNTIME_ACK_WORD) {
      return true;
    }
    delayWithUsbTask(20);
  }
  return false;
}

uint32_t gbaNormalXferWord(uint32_t data, uint32_t cycleDelay = GBA_NORMAL_MODE_CYCLES) {
  const uint32_t scMask = pinMask(gbaPinSC);
  const uint32_t siMask = pinMask(gbaPinSI);
  const uint32_t soMask = pinMask(gbaPinSO);
  uint32_t ret = data;

  noInterrupts();

  gpioOutEnableFast(scMask | siMask);
  gpioOutDisableFast(soMask);
  gpio_pull_up(gbaPinSO);
  gpioSetHighFast(scMask);

  for (uint8_t bit = 0; bit < 32; bit++) {
    gpioSetLowFast(scMask);
    if (ret & 0x80000000UL) {
      gpioSetHighFast(siMask);
    } else {
      gpioSetLowFast(siMask);
    }
    waitCycles(cycleDelay);

    gpioSetHighFast(scMask);
    ret <<= 1;
    if (gpioReadAllFast() & soMask) {
      ret |= 1UL;
    }
    waitCycles(cycleDelay);
  }

  gpioSetHighFast(scMask | siMask);
  interrupts();

  return ret;
}

// ---------------- CRC/encryption (from original) ----------------
static uint32_t gbaEncryptSeed = 0;
static uint32_t gbaCrcVal = 0;
static uint8_t gbaCrcVar1 = 0;
static uint16_t gbaCrcVar8 = 0;

void gbaEncryptSetSeed(uint8_t data) {
  gbaEncryptSeed = (static_cast<uint32_t>(data) << 8) | 0xFFFF00C1UL;
}

void gbaEncryptSetSeed(uint8_t data, uint8_t paletteData) {
  gbaEncryptSeed = (static_cast<uint32_t>(data) << 8) | 0xFFFF0000UL | paletteData;
}

uint32_t gbaEncryptWord(uint32_t data, uint32_t offset) {
  gbaEncryptSeed = (gbaEncryptSeed * 0x6F646573UL) + 1UL;
  uint32_t pos = ~(offset + 0x02000000UL) + 1UL;
  return (data ^ gbaEncryptSeed) ^ (pos ^ 0x6465646FUL);
}

void gbaCrcInit(uint8_t var1, uint16_t var8) {
  gbaCrcVal = 0xFFF8UL;
  gbaCrcVar1 = var1;
  gbaCrcVar8 = var8;
}

void gbaCrcAdd(uint32_t data) {
  for (uint8_t bit = 0; bit < 32; bit++) {
    uint32_t var30 = gbaCrcVal ^ data;
    gbaCrcVal >>= 1;
    data >>= 1;
    if (var30 & 1UL) {
      gbaCrcVal ^= 0x0A517UL;
    }
  }
}

uint16_t gbaCrcFinalize(uint32_t data) {
  uint32_t crctemp = ((((data & 0xFF00UL) + gbaCrcVar8) << 8) | 0xFFFF0000UL) + gbaCrcVar1;
  gbaCrcAdd(crctemp);
  return static_cast<uint16_t>(gbaCrcVal & 0xFFFFUL);
}

uint32_t gbaAppChecksumWord(const uint8_t* rom, uint32_t imageLength) {
  uint32_t sum = 0;
  for (uint32_t pos = 0xE0; pos + 3 < imageLength; pos += 4) {
    uint32_t word = static_cast<uint32_t>(rom[pos + 0]);
    word |= static_cast<uint32_t>(rom[pos + 1]) << 8;
    word |= static_cast<uint32_t>(rom[pos + 2]) << 16;
    word |= static_cast<uint32_t>(rom[pos + 3]) << 24;
    sum += word;
  }
  return 0UL - sum;
}

uint8_t gbaUploadByte(const uint8_t* rom, uint32_t imageLength, uint32_t index, uint32_t checksumWord, bool appendChecksumWord) {
  if (index < imageLength) {
    return rom[index];
  }
  index -= imageLength;
  if (appendChecksumWord && index < 4) {
    return static_cast<uint8_t>((checksumWord >> (index * 8U)) & 0xFFU);
  }
  return 0xFF;
}

bool gbaSendRom(const uint8_t* rom, uint32_t length, uint32_t sendLength, bool appendChecksumWord, uint8_t paletteData, bool sendHeaderComplete) {
  if (length == 0) {
    return false;
  }

  if (length < 0xC0UL || sendLength < length || sendLength > GBA_STAGE2_MAX_SEND_LEN) {
    return false;
  }

  uint32_t checksumWord = gbaAppChecksumWord(rom, length);
  uint32_t romsize = sendLength & 0xFFFFFFF0UL;

  uint16_t rd = 0;
  uint8_t timeout = 30;
  // Wait for GBA handshake.
  do {
    delay(100);
    rd = gbaSerXferWord(0x6202);
    timeout--;
  } while (rd != 0x7202 && timeout > 0);

  if (rd != 0x7202) {
    return false;
  }

  // Send 0xC0 header bytes (unencrypted)
  gbaSerXferWord(0x6100);
  uint32_t ptr = 0;
  for (uint8_t i = 0; i < 0x60; i++) {
    uint16_t d = static_cast<uint16_t>(gbaUploadByte(rom, length, ptr++, checksumWord, appendChecksumWord));
    d |= static_cast<uint16_t>(gbaUploadByte(rom, length, ptr++, checksumWord, appendChecksumWord)) << 8;
    gbaSerXferWord(d);
  }

  // Header complete + seed exchange. The original SpritesMods sender skips
  // 0x6200; tangrs sends it. Try both through the boot profile table.
  if (sendHeaderComplete) {
    gbaSerXferWord(0x6200);
  }
  gbaSerXferWord(0x6202);
  uint16_t paletteCommand = 0x6300U | paletteData;
  gbaSerXferWord(paletteCommand);
  rd = gbaSerXferWord(paletteCommand);
  gbaEncryptSetSeed(static_cast<uint8_t>(rd & 0xFF), paletteData);

  uint8_t var1 = static_cast<uint8_t>(((rd & 0xFF) + 0x20F) & 0xFF);
  uint16_t conf = static_cast<uint16_t>(var1) | 0x6400U;
  gbaSerXferWord(conf);

  // Length + CRC init
  uint16_t len = static_cast<uint16_t>(((romsize - 0xC0UL) >> 2) - 0x34UL);
  uint16_t var8 = gbaSerXferWord(len);
  gbaCrcInit(var1, var8);

  // Send encrypted payload
  for (uint32_t pos = 0xC0; pos < romsize; pos += 4) {
    uint32_t d = static_cast<uint32_t>(gbaUploadByte(rom, length, pos + 0, checksumWord, appendChecksumWord));
    d |= static_cast<uint32_t>(gbaUploadByte(rom, length, pos + 1, checksumWord, appendChecksumWord)) << 8;
    d |= static_cast<uint32_t>(gbaUploadByte(rom, length, pos + 2, checksumWord, appendChecksumWord)) << 16;
    d |= static_cast<uint32_t>(gbaUploadByte(rom, length, pos + 3, checksumWord, appendChecksumWord)) << 24;

    gbaCrcAdd(d);
    d = gbaEncryptWord(d, pos);

    gbaSerXferWord(static_cast<uint16_t>(d & 0xFFFFUL));
    gbaSerXferWord(static_cast<uint16_t>((d >> 16) & 0xFFFFUL));
  }

  // Finish + CRC exchange
  gbaSerXferWord(0x0065);
  gbaSerXferWord(0x0065);

  timeout = 30;
  while (gbaSerXferWord(0x0065) != 0x0075 && timeout > 0) {
    delay(100);
    timeout--;
  }
  if (timeout == 0) {
    return false;
  }

  uint16_t gbaCrc = gbaSerXferWord(0x0066);
  uint16_t localCrc = gbaCrcFinalize(gbaCrc);
  gbaSerXferWord(localCrc);

  return true;
}

uint32_t gbaStage2SendLength() {
  return (GBA_STAGE2_IMAGE_LEN + 4UL + 15UL) & ~15UL;
}

uint8_t gbaStage2UploadByte(uint32_t index, uint32_t checksumWord) {
  if (index < GBA_STAGE2_IMAGE_LEN) {
    return gbaStage2RuntimeImage[index];
  }
  index -= GBA_STAGE2_IMAGE_LEN;
  if (index < 4) {
    return static_cast<uint8_t>((checksumWord >> (index * 8U)) & 0xFFU);
  }
  return 0xFF;
}

uint32_t gbaStage2UploadWord(uint32_t index, uint32_t checksumWord) {
  uint32_t word = static_cast<uint32_t>(gbaStage2UploadByte(index + 0, checksumWord));
  word |= static_cast<uint32_t>(gbaStage2UploadByte(index + 1, checksumWord)) << 8;
  word |= static_cast<uint32_t>(gbaStage2UploadByte(index + 2, checksumWord)) << 16;
  word |= static_cast<uint32_t>(gbaStage2UploadByte(index + 3, checksumWord)) << 24;
  return word;
}

bool gbaSendStage2Runtime() {
  uint32_t sendLength = gbaStage2SendLength();
  if (sendLength > GBA_STAGE2_MAX_SEND_LEN) {
    return false;
  }

  selectStage2Pins();
  gbaSerInitPins();

  if (GBA_STAGE2_TIMING_DIAGNOSTIC) {
    for (uint8_t option = 0; option < GBA_NORMAL_MODE_CYCLE_OPTION_COUNT; option++) {
      uint32_t timingMagic = GBA_STAGE2_TIMING_MAGIC_BASE | static_cast<uint32_t>(option);
      gbaNormalXferWord(timingMagic, GBA_NORMAL_MODE_CYCLE_OPTIONS[option]);
      delay(1500);
    }
    return true;
  }

  uint32_t cycleDelay = GBA_NORMAL_MODE_CYCLE_OPTIONS[GBA_STAGE2_CYCLE_OPTION];
  // The timing diagnostic showed 128 kHz matched after an initial 256 kHz
  // non-matching transfer. Reproduce that harmless priming sequence before
  // sending the real magic word and payload.
  gbaNormalXferWord(GBA_STAGE2_PRIME_WORD, GBA_NORMAL_MODE_CYCLE_OPTIONS[0]);
  delayWithUsbTask(1500);
  gbaNormalXferWord(GBA_STAGE2_MAGIC, cycleDelay);
  delayMicroseconds(250);

  uint32_t checksumWord = gbaAppChecksumWord(gbaStage2RuntimeImage, GBA_STAGE2_IMAGE_LEN);
  uint32_t sendChecksum = 0;
  uint32_t wordCount = sendLength / 4UL;
  gbaNormalXferWord(wordCount, cycleDelay);

  for (uint32_t pos = 0; pos < sendLength; pos += 4) {
    uint32_t word = gbaStage2UploadWord(pos, checksumWord);
    sendChecksum += word;
    gbaNormalXferWord(word, cycleDelay);
  }

  // Stage1 validates this on the GBA side before jumping to the runtime. The
  // return path is not required for loading and may not be wired/reliable.
  gbaNormalXferWord(sendChecksum, cycleDelay);
  return true;
}

void serviceMultiboot() {
  if (gbaRuntimeReady) {
    return;
  }

  uint32_t now = millis();
  if (lastAttemptMs != 0 && (now - lastAttemptMs) < MULTIBOOT_RETRY_MS) {
    return;
  }
  lastAttemptMs = now;

  blinkAttempt();
  const GbaBootAttemptProfile& profile = GBA_BOOT_ATTEMPT_PROFILES[nextBootAttemptProfile];
  selectGbaPins(profile.stage1SdPin);
  gbaSerInitPins();

  if (gbaSendRom(gbaStage1LoaderImage, GBA_STAGE1_IMAGE_LEN, GBA_STAGE1_SEND_LEN, true, profile.paletteData, profile.sendHeaderComplete)) {
    if (STAGE1_EXEC_DIAGNOSTIC_ONLY) {
      gbaRuntimeReady = true;
      return;
    }

    selectStage2Pins();
    gbaSerInitPins();
    delayWithUsbTask(1000);
    if (gbaSendStage2Runtime()) {
      selectGbaPins(PIN_GBA_SD_ALT_STAGE1);
      gbaSerInitPins();
      blinkSuccess();
      markGbaRuntimeLoaded();
      gbaRuntimeReady = true;
      return;
    }

    if (STOP_AFTER_STAGE2_FAILURE) {
      gbaRuntimeReady = true;
      return;
    }
  }

  releaseGbaPins();
  nextBootAttemptProfile = (nextBootAttemptProfile + 1) % GBA_BOOT_ATTEMPT_PROFILE_COUNT;
}

void forwardMidiByteToGba(uint8_t b) {
  if (!gbaRuntimeReady) {
    return;
  }

  // Spritesmods runtime consumes one MIDI byte in the low byte of a 16-bit link word.
  noInterrupts();
  gbaSerTxWord(static_cast<uint16_t>(b));
  interrupts();
}

bool usbThruQueueEmpty() {
  return usbThruQueueRead == usbThruQueueWrite;
}

void clearUsbThruQueue() {
  usbThruQueueRead = usbThruQueueWrite = 0;
}

void enqueueUsbThruByte(uint8_t b) {
  if (!usbMidiReady()) {
    return;
  }

  const uint16_t nextWrite = (usbThruQueueWrite + 1) & USB_THRU_QUEUE_MASK;
  if (nextWrite == usbThruQueueRead) {
    return;
  }

  usbThruQueue[usbThruQueueWrite] = b;
  usbThruQueueWrite = nextWrite;
}

void serviceUsbThruOutput() {
  if (!usbMidiReady()) {
    clearUsbThruQueue();
    return;
  }
  if (Serial1.available() > 0) {
    return;
  }

  uint8_t budget = USB_THRU_FLUSH_BYTE_BUDGET;
  while (budget > 0 && !usbThruQueueEmpty()) {
    if (usb_midi.write(usbThruQueue[usbThruQueueRead]) == 0) {
      break;
    }
    usbThruQueueRead = (usbThruQueueRead + 1) & USB_THRU_QUEUE_MASK;
    budget--;
  }
}

void serviceUsbMidi() {
  if (!usbMidiReady()) {
    return;
  }

  uint8_t budget = MIDI_SERVICE_BYTE_BUDGET;
  while (budget > 0 && usb_midi.available() > 0) {
    int v = usb_midi.read();
    if (v < 0) {
      break;
    }
    budget--;

    uint8_t b = static_cast<uint8_t>(v);
    forwardMidiByteToGba(b);
    if (USB_TO_DIN_THRU) {
      Serial1.write(b);
    }
  }
}

void serviceDinMidi() {
  uint8_t budget = MIDI_SERVICE_BYTE_BUDGET;
  while (budget > 0 && Serial1.available() > 0) {
    uint8_t b = static_cast<uint8_t>(Serial1.read());
    budget--;
    forwardMidiByteToGba(b);
    if (DIN_TO_USB_THRU) {
      enqueueUsbThruByte(b);
    }
  }
}

static inline bool millisReached(uint32_t now, uint32_t target) {
  return static_cast<int32_t>(now - target) >= 0;
}

bool waitForUsbMidiReady(uint32_t timeoutMs) {
  const uint32_t start = millis();
  while ((millis() - start) < timeoutMs) {
    serviceUsbTask();
    if (usbMidiReady()) {
      return true;
    }
    delay(1);
  }
  return usbMidiReady();
}

void sendMidiPanicToGbaAndDin() {
  for (uint8_t channel = 0; channel < 16; channel++) {
    const uint8_t status = 0xB0 | channel;
    const uint8_t panic[] = {
      status, 120, 0,  // All Sound Off
      status, 123, 0,  // All Notes Off
    };
    for (uint8_t i = 0; i < sizeof(panic); i++) {
      forwardMidiByteToGba(panic[i]);
      Serial1.write(panic[i]);
    }
  }
  Serial1.flush();
}

void requestUsbColdReboot(bool preserveGbaRuntime) {
  if (preserveGbaRuntime) {
    markGbaRuntimeLoaded();
    markWatchdogUsbHotplugRuntime();
  }
  clearUsbThruQueue();
  TinyUSBDevice.detach();
  delay(20);
  reset_block(RESETS_RESET_USBCTRL_BITS);
  unreset_block_wait(RESETS_RESET_USBCTRL_BITS);
  resets_hw->wdsel |= RESETS_WDSEL_USBCTRL_BITS;
  noInterrupts();
  watchdog_reboot(0, 0, USB_REBOOT_DELAY_MS);
  while (true) {
    tight_loop_contents();
  }
}

void serviceUsbHotplugRecovery() {
  const uint32_t now = millis();
  const bool rawVbusPresent = usbVbusDetected();

  if (rawVbusPresent != usbVbusRawWasPresent) {
    usbVbusRawWasPresent = rawVbusPresent;
    usbVbusRawChangedMs = now;
  }

  if (rawVbusPresent != usbVbusWasPresent &&
      (now - usbVbusRawChangedMs) >= USB_VBUS_DEBOUNCE_MS) {
    usbVbusWasPresent = rawVbusPresent;
    usbVbusChangedMs = now;
    usbRebootCheckMs = 0;
    if (!usbVbusWasPresent) {
      usbArmCheckMs = now + USB_HOTPLUG_ARM_LOW_MS;
      TinyUSBDevice.detach();
      clearUsbThruQueue();
    } else {
      usbArmCheckMs = 0;
    }
  }

  if (!gbaRuntimeReady) {
    return;
  }
  if (usbMidiReady()) {
    usbRebootCheckMs = 0;
    return;
  }

  if (!usbVbusWasPresent) {
    if (usbArmCheckMs != 0 && millisReached(now, usbArmCheckMs)) {
      usbHotplugArmed = true;
      usbArmCheckMs = 0;
      clearUsbHotplugTried();
    }
    return;
  }

  if (retainedUsbHotplugValid()) {
    return;
  }

  if (usbRebootCheckMs == 0) {
    usbRebootCheckMs = now + USB_HOTPLUG_REBOOT_HIGH_MS;
    return;
  }
  if (millisReached(now, usbRebootCheckMs)) {
    usbHotplugArmed = false;
    markUsbHotplugTried();
    requestUsbColdReboot(true);
  }
}

void setup() {
  pinMode(PIN_STATUS_LED, OUTPUT);
  digitalWrite(PIN_STATUS_LED, LOW);
  pinMode(PIN_USB_VBUS_SENSE, INPUT);

  const bool usbHotplugRuntimeBoot = watchdogUsbHotplugRuntimeValid();
  clearWatchdogUsbHotplugRuntime();
  if (usbHotplugRuntimeBoot) {
    markGbaRuntimeLoaded();
    markUsbHotplugTried();
  }

  if (!TinyUSBDevice.isInitialized()) {
    TinyUSBDevice.begin(0);
  }
  TinyUSBDevice.setManufacturerDescriptor("Game Boy Advance");
  TinyUSBDevice.setProductDescriptor("Game Boy Advance");
  usb_midi.setStringDescriptor("Game Boy Advance");
  usb_midi.begin();
  TinyUSBDevice.detach();
  if (usbVbusDetected()) {
    delayWithUsbTask(10);
    TinyUSBDevice.attach();
  } else {
    TinyUSBDevice.detach();
  }

  usbVbusWasPresent = usbVbusDetected();
  usbVbusRawWasPresent = usbVbusWasPresent;
  usbVbusRawChangedMs = millis();
  usbVbusChangedMs = millis();
  usbRebootCheckMs = 0;
  usbArmCheckMs = usbVbusWasPresent ? 0 : (millis() + USB_HOTPLUG_ARM_LOW_MS);
  usbHotplugArmed = false;

  Serial1.setTX(PIN_DIN_MIDI_TX);
  Serial1.setRX(PIN_DIN_MIDI_RX);
  Serial1.begin(DIN_MIDI_BAUD);

  selectStage2Pins();
  if (usbHotplugRuntimeBoot) {
    markGbaRuntimeLoaded();
    gbaSerInitPins();
    gbaRuntimeReady = true;
  } else if (retainedGbaRuntimeValid() && gbaRuntimeProbe()) {
    markGbaRuntimeLoaded();
    gbaSerInitPins();
    gbaRuntimeReady = true;
  } else {
    retainedGbaRuntimeMagic = 0;
    retainedGbaRuntimeMagicInv = 0;
    releaseGbaPins();
  }

  // Let GBA fully boot to BIOS logo before first attempt.
  if (!gbaRuntimeReady) {
    delayWithUsbTask(2000);
  }
}

void loop() {
  serviceUsbTask();

  serviceMultiboot();
  serviceDinMidi();
  serviceUsbHotplugRecovery();
  serviceUsbMidi();
  serviceUsbThruOutput();
}
